ar607,ar11,ar191,ar46,ar200,ar50,ar93,ar113,ar7,ar85,ar105,ar70,ar27,ar31,ar109,ar89,ar66,ar88,ar67,ar108,ar30,ar26,ar71,ar124,ar173,ar104,ar84,ar153,ar6,ar112,ar92,ar186,ar169,ar240,ar217,ar47,ar10,ar174,ar162,ar119,ar99,ar76,ar21,ar637,ar158,ar621,ar37,ar60,ar17,ar40,ar56,ar95,ar115,ar1,ar154,ar83,ar103,ar102,ar82,ar0,ar114,ar94,ar246,ar57,ar211,ar41,ar196,ar600,ar16,ar61,ar36,ar159,ar20,ar98,ar77,ar231,ar122,ar62,ar35,ar23,ar74,ar232,ar619,ar58,ar19,ar101,ar81,ar156,ar39,ar3,ar78,ar97,ar54,ar42,ar15,ar14,ar43,ar55,ar244,ar182,ar79,ar96,ar638,ar2,ar38,ar157,ar80,ar100,ar198,ar18,ar120,ar59,ar161,ar618,ar75,ar233,ar22,ar34,ar63,ar107,ar68,ar87,ar279,ar5,ar29,ar111,ar91,ar185,ar52,ar44,ar193,ar605,ar13,ar64,ar625,ar33,ar25,ar9,ar234,ar72,ar48,ar49,ar649,ar167,ar188,ar235,ar73,ar8,ar24,ar32,ar65,ar604,ar12,ar192,ar45,ar215,ar53,ar90,ar110,ar28,ar4,ar69,ar86,ar106
1,1,2,2,7,1,11,13,1,1,2,1,1,1,1,2,1,3,1,5,1,1,1,4,1,7,5,5,1,1,1,6,2,3,1,1,1,1,2,1,1,1,1,1,3,1,1,6,1,2,1,2,2,1,1,2,3,1,2,1,4,1,3,1,3,2,3,1,1,1,1,4,1,1,1,1,1,1,1,2,2,1,1,1,2,6,2,2,1,2,1,1,1,2,1,3,1,1,2,2,2,3,2,1,1,6,2,1,1,2,1,1,1,3,1,2,1,1,2,2,4,1,2,2,1,5,2,1,1,1,10,3,1,1,1,1,1,1,5,1,1,1,1,1,2,1,2,1,1,1,2,2,1,1,2,2,2,1,1,6,1,4,2,1
2,2,3,5,8,2,12,14,2,2,3,2,2,2,2,3,2,6,2,8,4,3,4,5,2,8,6,9,2,2,2,7,7,5,2,2,2,3,3,2,2,3,2,2,5,2,2,7,2,5,9,5,3,2,2,3,4,8,3,2,6,2,4,2,6,3,5,2,2,2,2,5,2,2,2,2,2,2,2,3,3,2,2,3,3,7,3,3,2,3,2,2,2,3,2,4,2,2,3,3,3,6,3,2,2,8,3,2,2,6,5,2,2,5,9,3,2,2,3,3,5,2,3,3,2,6,6,3,2,3,11,5,2,2,2,3,2,2,6,2,2,2,2,5,5,2,3,4,2,2,3,3,2,2,3,5,3,2,2,10,4,5,3,2
3,3,4,6,10,9,13,15,3,3,4,3,3,3,3,4,3,11,3,9,9,4,9,6,3,9,7,11,3,5,3,8,9,6,3,3,3,4,4,3,3,4,3,3,6,3,4,8,3,6,10,6,6,3,4,4,5,9,11,3,7,3,5,3,7,4,6,3,3,4,3,6,3,3,3,3,3,3,3,4,16,3,3,5,4,8,5,5,3,4,3,3,3,16,3,5,3,3,4,4,5,11,4,3,3,9,5,3,3,7,6,4,3,6,10,4,3,3,5,4,6,3,5,5,3,7,7,4,3,5,12,6,3,3,3,4,3,3,7,3,3,3,3,6,6,4,4,5,3,3,4,6,3,3,4,6,16,3,4,11,5,7,5,3
4,4,5,7,14,12,14,17,4,4,5,4,4,4,5,5,6,12,4,10,12,5,12,7,4,10,9,12,5,9,5,9,10,7,4,4,4,5,6,4,7,6,4,4,7,4,10,9,4,7,12,7,17,4,5,5,6,10,12,4,8,4,6,4,8,6,7,4,4,11,4,7,4,4,5,4,4,12,4,5,19,4,4,6,7,9,9,8,5,5,4,4,5,19,4,6,4,4,5,5,7,12,5,4,4,12,9,4,4,8,7,12,4,7,12,5,4,4,6,5,7,4,6,6,5,8,8,5,4,6,13,8,4,4,4,5,4,4,8,4,4,5,5,7,7,12,5,6,4,4,11,7,4,4,5,10,19,5,12,12,6,8,7,4
5,5,12,8,15,14,15,18,5,5,6,5,5,5,6,6,7,13,5,11,14,7,14,8,5,13,10,13,6,11,6,10,11,8,5,5,5,6,7,5,11,7,5,5,9,5,11,11,5,8,13,8,23,5,7,6,7,11,13,5,9,5,7,5,9,7,8,5,5,12,9,9,5,5,6,5,6,14,5,6,20,5,5,7,9,12,12,9,6,6,7,5,6,20,5,7,5,5,6,6,8,13,10,5,5,16,11,5,5,9,8,14,5,8,13,6,5,5,7,6,8,5,7,7,10,9,9,6,5,9,15,9,5,5,5,6,5,7,9,5,6,6,10,8,8,14,6,8,5,5,12,8,5,5,6,11,20,6,14,13,7,9,9,5
6,6,14,9,16,17,16,20,6,6,7,6,6,6,7,7,12,14,6,12,17,9,17,9,6,15,15,16,7,13,12,11,12,9,6,6,6,8,8,6,13,8,6,6,16,6,12,14,6,9,14,10,24,6,8,7,8,12,14,6,10,6,8,6,10,8,9,6,6,14,11,15,6,6,7,6,7,16,6,7,23,6,6,8,12,14,14,10,7,7,8,7,8,23,6,8,6,6,7,7,9,14,13,6,6,17,12,6,6,10,10,16,6,9,14,7,6,7,8,7,9,6,8,8,11,10,10,7,6,10,16,10,6,6,6,7,6,9,10,6,7,7,12,9,9,16,7,11,6,6,13,15,12,6,7,12,23,7,16,14,8,10,10,6
7,7,16,10,17,18,17,21,8,7,8,7,8,7,9,8,13,15,7,13,18,10,18,10,7,17,16,22,8,14,13,12,13,10,7,7,8,9,9,8,14,9,8,7,17,7,24,16,7,10,16,11,27,7,9,8,9,13,15,7,11,7,9,7,11,9,10,7,8,27,12,18,7,7,9,7,8,17,7,8,28,7,7,10,13,16,15,11,8,8,9,8,12,28,7,9,8,7,8,8,10,15,14,7,7,18,13,8,7,11,11,17,7,10,16,8,7,8,10,8,10,7,9,10,14,11,11,8,7,11,17,11,7,7,7,8,7,12,11,7,8,8,14,10,10,17,8,18,7,7,14,16,13,7,8,13,28,8,17,15,9,11,12,7
8,8,17,11,18,28,18,22,10,8,9,8,9,8,10,9,14,16,8,14,28,11,28,11,8,18,19,24,9,15,14,13,14,11,8,8,9,10,10,9,15,10,9,8,18,8,28,18,8,11,20,16,30,8,10,9,10,14,16,8,12,8,10,8,12,10,11,8,9,28,13,19,8,8,10,8,9,18,8,10,31,8,8,11,15,18,30,12,9,9,10,9,13,31,8,10,9,8,9,9,11,16,15,8,8,19,14,9,8,12,16,18,8,11,20,9,8,9,11,9,11,8,10,11,15,12,19,9,8,12,18,12,8,8,8,9,8,13,12,8,9,9,15,11,11,18,9,19,8,8,15,18,14,8,9,14,31,9,18,16,10,12,14,8
9,9,18,12,19,38,19,23,12,9,10,9,10,9,11,10,15,17,9,15,38,12,38,12,9,20,20,26,10,16,15,14,15,12,9,9,10,11,11,10,16,11,10,9,21,9,39,19,9,12,23,17,32,9,11,10,11,15,17,9,13,10,13,9,13,11,12,9,10,37,14,20,9,9,11,9,11,19,9,11,33,9,9,13,16,19,37,14,10,10,11,10,14,33,9,11,10,9,10,10,12,17,16,9,9,22,15,10,9,13,17,19,9,12,23,10,9,10,13,10,12,9,11,13,16,13,20,10,9,13,19,13,9,9,9,10,9,14,16,9,10,10,16,12,12,19,10,20,9,9,16,19,15,9,10,15,33,10,19,17,11,13,15,9
10,10,19,13,20,41,20,24,13,10,11,11,12,10,12,12,16,18,10,16,41,14,41,13,10,21,22,27,11,17,16,15,16,13,10,10,12,12,12,12,17,12,12,10,22,10,41,20,10,13,25,18,41,10,12,12,12,16,18,10,14,11,14,11,14,12,13,10,12,41,15,21,10,10,12,10,12,20,10,12,36,10,10,15,17,20,41,15,11,11,12,11,15,36,10,12,11,10,11,12,13,18,17,10,10,23,16,12,11,14,18,20,10,13,25,12,10,11,15,11,13,10,12,15,17,14,21,11,10,14,20,14,10,10,10,11,10,15,17,10,11,11,17,13,13,20,11,21,10,10,21,20,16,10,11,16,36,11,20,18,12,14,16,10
11,11,20,14,21,42,21,25,14,11,12,12,14,11,13,13,17,19,11,17,42,15,42,14,11,23,23,28,12,20,17,16,17,14,11,11,14,13,13,14,18,14,14,11,23,11,42,21,11,15,26,19,44,11,13,13,13,17,19,11,15,12,15,12,15,13,14,11,14,42,16,22,11,11,13,11,13,21,11,15,37,11,11,16,18,21,42,16,12,12,13,12,16,37,11,13,12,11,12,14,15,19,18,11,11,24,17,14,12,15,19,21,11,14,26,14,11,12,16,12,14,11,13,16,18,16,22,12,11,15,21,15,11,11,11,12,11,16,18,11,12,12,18,14,14,21,12,24,11,11,24,24,17,11,12,17,37,12,21,19,13,15,17,11
12,12,21,15,22,43,22,26,15,12,14,13,15,12,15,14,18,20,12,18,43,16,43,15,12,24,24,29,13,23,18,17,18,15,12,12,15,14,14,15,19,15,15,12,25,12,43,22,12,16,27,20,47,12,14,14,14,18,20,12,16,13,16,13,16,14,15,12,15,43,17,23,12,12,15,12,14,22,12,16,39,12,12,17,19,22,43,17,13,13,14,13,17,39,12,14,13,12,13,15,16,20,22,12,12,27,18,15,13,16,20,22,12,15,27,15,12,13,17,13,15,12,14,17,20,17,23,13,12,16,22,16,12,12,12,14,12,17,19,12,13,13,19,15,15,22,13,25,12,12,25,26,18,12,13,18,39,13,22,20,14,16,18,12
13,13,22,16,23,44,23,27,16,13,15,14,16,13,16,15,19,22,13,19,44,17,44,16,13,25,25,30,15,26,19,18,19,16,13,14,16,15,15,16,20,17,16,13,27,13,44,23,13,18,29,21,48,13,15,16,15,19,22,13,17,16,18,14,17,15,16,13,16,44,18,24,13,13,16,13,15,23,13,17,40,13,13,18,20,23,44,18,15,14,15,14,18,40,13,15,14,13,14,16,18,22,28,13,13,32,19,16,14,17,21,23,13,16,29,16,13,14,18,14,16,13,16,18,21,18,24,14,13,17,23,17,13,13,13,15,13,18,20,13,14,15,20,16,16,23,14,26,13,13,27,28,20,13,14,19,40,15,23,21,15,17,19,13
15,14,23,17,24,45,24,28,18,15,16,15,17,14,17,16,20,23,14,20,45,18,45,17,14,26,26,31,16,27,20,19,20,17,14,15,17,16,16,17,21,18,17,14,28,14,46,24,14,19,30,22,49,14,16,17,16,20,23,14,18,17,19,15,18,16,17,14,17,45,19,25,14,14,17,14,16,24,14,18,41,14,14,19,21,24,45,19,16,15,16,15,19,41,14,16,16,14,15,17,19,23,29,14,14,33,20,17,15,18,22,24,14,17,30,17,14,15,19,15,17,14,17,19,22,19,25,15,14,18,24,18,14,14,14,16,14,19,21,14,15,16,21,17,17,24,15,27,14,14,28,30,21,14,15,20,41,16,24,22,16,18,20,14
16,15,24,18,25,46,25,29,19,16,17,16,18,15,18,17,21,24,15,21,46,19,46,18,15,27,27,32,17,30,21,20,21,18,15,16,18,17,17,18,22,19,18,15,29,15,48,25,15,20,33,23,50,15,17,18,17,21,24,15,19,18,20,16,19,17,18,15,18,46,20,27,15,15,18,15,17,25,15,19,43,16,15,20,22,25,46,20,17,16,18,16,20,43,15,17,17,15,16,18,20,24,30,15,15,34,21,18,16,19,23,25,15,18,33,18,16,16,20,16,18,15,18,20,23,20,26,16,15,19,27,19,15,15,15,17,15,20,22,15,16,17,22,18,18,25,16,28,15,15,29,32,22,15,16,21,43,17,25,23,18,19,21,15
18,16,25,19,26,47,26,31,20,18,18,17,19,16,19,18,22,25,16,22,47,20,47,19,16,28,28,33,18,31,22,21,22,19,17,17,19,18,18,19,23,20,19,16,30,16,50,26,16,21,34,24,53,16,18,19,18,22,25,16,20,19,21,17,20,18,19,16,19,48,21,28,16,16,19,17,18,26,16,20,48,18,16,21,23,26,48,21,18,17,19,18,21,48,16,18,18,17,17,19,21,25,31,16,16,47,22,19,17,20,24,26,16,19,34,19,18,17,21,17,19,16,19,21,24,21,27,17,16,20,28,20,16,16,16,18,16,21,23,16,17,18,23,19,19,26,18,29,16,16,30,33,23,16,17,22,48,18,26,24,19,20,22,16
19,17,27,20,27,54,27,32,21,19,19,18,20,17,20,19,23,26,17,23,54,21,54,21,18,29,29,34,19,32,23,22,23,20,18,18,20,19,19,20,24,21,20,18,31,17,53,27,17,22,35,25,57,18,19,20,19,23,26,18,21,20,22,18,21,19,20,17,20,55,22,29,18,17,20,18,19,27,18,21,49,19,18,22,24,27,55,22,19,18,21,19,22,49,17,19,19,18,18,20,22,26,32,18,18,49,23,20,18,21,25,27,17,20,35,20,19,18,22,19,20,17,20,22,25,22,28,18,17,21,29,21,17,17,18,19,18,23,24,17,18,19,24,20,20,27,19,30,17,17,31,34,24,17,18,23,49,19,27,25,20,21,23,17
20,18,28,21,28,55,28,33,22,20,21,20,21,18,21,20,24,27,18,24,55,22,55,22,19,30,30,35,20,34,24,23,24,21,19,19,21,20,21,21,25,22,21,19,32,19,54,28,19,23,36,26,58,19,21,21,20,25,27,19,22,21,23,20,23,20,21,18,21,56,23,30,19,18,21,19,20,28,19,22,50,20,19,23,25,28,56,23,20,19,22,20,23,50,18,20,20,19,19,21,23,27,33,19,19,50,24,21,20,22,26,28,18,21,36,21,20,19,23,20,21,18,21,23,26,23,29,19,18,22,30,22,18,18,19,21,19,24,25,18,19,20,25,21,21,28,20,31,18,18,32,35,25,18,19,24,50,20,28,26,21,22,24,18
21,19,29,22,29,56,29,34,23,21,22,22,22,19,23,21,25,28,19,25,56,23,56,23,20,31,31,36,21,35,25,24,25,22,20,20,22,21,22,22,26,23,22,20,33,20,55,30,20,24,37,27,59,20,22,22,21,26,28,20,23,22,24,22,24,21,22,20,22,57,24,31,20,20,23,20,21,29,20,23,51,21,20,24,26,29,57,24,21,21,23,21,24,51,19,21,21,20,20,22,24,28,34,20,20,51,25,22,22,23,27,29,20,22,37,22,21,20,24,21,22,20,22,24,27,25,30,20,19,23,31,24,20,19,20,22,20,25,26,19,20,21,26,22,22,29,22,32,20,20,34,36,26,20,20,26,51,21,29,27,22,23,25,19
22,20,30,23,30,57,30,35,24,22,23,23,23,20,24,22,26,29,20,27,57,25,57,24,21,32,32,37,22,36,26,25,26,23,21,22,23,22,24,23,27,24,23,21,34,21,56,31,21,25,38,28,60,21,23,24,22,27,29,21,24,23,25,23,25,22,23,21,23,58,26,32,21,21,24,21,22,30,21,24,52,22,21,25,27,30,58,25,22,22,24,22,25,52,20,22,22,21,22,23,25,29,36,21,21,52,26,23,23,24,28,30,21,24,38,23,22,21,25,22,23,21,24,25,28,26,31,23,20,24,32,25,21,20,21,23,21,26,27,21,22,22,27,24,24,30,23,34,21,21,35,37,27,21,21,27,52,22,30,28,23,24,26,20
23,21,31,25,31,58,32,36,25,23,24,24,24,21,25,24,27,30,21,28,58,26,58,25,22,33,33,38,23,38,27,27,27,24,22,23,24,23,25,24,28,25,24,22,35,22,57,32,22,26,39,29,61,22,24,25,24,28,30,22,25,24,26,24,26,23,25,22,24,59,27,33,22,22,25,22,23,31,22,25,53,23,22,27,28,31,59,26,23,23,25,23,26,53,21,24,23,22,23,24,26,30,37,22,22,53,27,24,24,25,29,31,22,25,39,24,23,22,27,23,24,22,25,26,29,27,32,24,21,25,33,26,22,21,22,24,22,27,28,22,23,23,28,25,25,31,24,35,22,22,36,38,28,22,24,28,53,23,31,29,24,25,28,21
24,23,32,27,32,59,33,37,26,24,25,25,25,22,26,25,28,31,22,29,59,27,59,26,23,34,34,40,24,39,29,29,28,25,23,24,25,24,26,25,29,26,25,23,36,23,58,33,23,27,40,30,62,23,25,26,25,29,31,23,26,25,27,25,28,25,27,25,25,60,28,34,23,24,26,23,25,32,23,26,54,24,23,28,29,32,60,28,24,24,26,24,28,54,24,25,24,23,25,25,27,31,38,23,23,54,29,25,25,26,30,32,23,26,40,25,24,24,28,24,25,23,26,27,30,28,33,25,22,26,34,27,24,22,23,25,23,28,29,24,24,24,29,27,26,32,25,36,24,24,38,39,29,24,26,30,54,24,32,30,26,26,29,22
25,24,33,28,34,61,34,38,27,25,26,26,26,23,27,26,29,32,23,31,61,28,61,27,24,35,35,41,25,40,30,30,30,28,25,25,26,25,27,26,31,27,26,24,37,24,60,34,24,28,41,31,63,24,26,27,26,30,32,24,27,26,28,26,29,28,28,27,26,61,29,35,24,26,27,25,26,33,24,27,55,25,24,29,30,33,61,29,25,25,27,25,29,55,25,26,25,25,26,26,28,32,39,24,24,55,30,26,26,27,31,33,24,27,41,26,25,25,29,25,26,25,27,28,31,30,34,26,23,27,35,28,25,23,24,26,24,29,30,26,25,25,30,28,27,33,26,37,25,25,39,41,30,26,27,31,55,25,33,31,27,29,30,23
26,26,34,29,36,63,35,39,28,26,27,27,29,24,28,27,30,33,24,32,63,29,63,29,25,36,36,42,26,41,31,31,31,29,26,26,29,26,28,29,32,28,29,25,38,25,61,35,25,29,43,32,65,25,27,28,28,33,33,25,29,27,30,27,30,29,29,28,29,63,30,36,25,27,28,26,27,35,25,29,57,26,25,30,31,34,63,30,26,27,28,26,30,57,26,27,26,26,28,29,29,33,40,25,26,57,31,29,27,30,32,35,25,28,43,29,26,26,30,26,27,26,28,29,32,31,35,27,24,28,36,29,26,24,25,27,26,30,31,27,26,26,31,29,28,35,27,38,26,26,40,42,31,27,28,32,57,26,35,32,28,30,31,24
27,27,35,30,37,65,37,40,30,27,28,28,30,26,29,28,32,34,25,33,65,30,65,30,27,37,38,43,27,42,32,33,32,30,27,27,30,27,29,30,33,30,30,26,39,26,62,36,26,30,44,33,66,26,28,29,29,34,34,26,30,28,31,28,32,31,30,30,30,64,31,37,26,28,29,27,28,36,26,30,58,27,26,31,32,35,64,31,27,28,29,27,31,58,27,30,27,27,31,30,30,34,41,26,27,58,32,30,28,31,33,36,26,29,44,30,27,29,31,28,30,28,29,31,33,32,37,28,26,29,37,30,27,26,26,28,27,31,32,28,27,27,33,31,29,36,28,39,27,27,41,43,32,28,30,33,58,27,36,33,29,31,32,25
28,28,36,31,39,66,38,42,31,28,29,29,31,27,30,29,33,35,26,34,66,31,66,31,28,38,39,44,28,43,33,34,34,31,28,28,31,28,30,31,34,31,31,28,40,27,63,37,28,31,45,34,67,28,29,30,30,36,35,28,32,29,33,29,33,32,31,31,31,65,32,38,28,29,30,28,29,37,28,31,59,28,28,32,33,36,65,32,28,30,30,28,32,59,28,31,28,28,32,31,31,35,42,28,28,59,33,31,29,32,34,37,28,30,45,31,28,31,32,30,31,31,30,32,34,33,38,29,27,30,38,31,28,27,28,29,28,32,33,29,28,28,34,32,30,37,29,40,28,28,42,44,33,29,31,34,59,28,37,34,31,32,33,26
29,29,37,32,41,67,39,43,32,29,30,30,32,28,31,30,34,36,27,36,67,32,67,32,29,39,40,45,29,44,34,35,35,32,29,29,32,29,31,32,35,32,32,29,41,28,64,38,29,33,46,36,69,29,30,31,31,37,36,29,35,32,34,30,34,33,32,32,32,66,33,39,29,30,31,29,30,38,29,33,60,29,29,33,34,37,66,33,29,31,31,29,33,60,29,32,29,29,33,32,32,36,43,29,29,60,34,32,30,33,36,38,29,31,46,32,29,32,33,31,32,32,31,33,35,34,39,30,28,33,39,32,29,28,29,30,29,33,34,30,29,29,35,33,31,38,30,41,29,29,43,45,34,30,32,35,60,29,38,35,32,33,34,27
30,30,38,33,43,68,40,44,33,30,31,31,33,29,32,32,35,37,28,37,68,33,68,33,30,40,41,46,30,45,35,36,36,33,30,30,33,30,32,33,36,33,33,31,42,29,65,39,31,34,47,37,70,31,31,32,32,38,37,31,36,33,35,31,36,34,33,33,33,67,34,40,31,31,32,30,31,39,31,34,62,30,31,34,35,38,67,34,30,32,32,30,34,62,30,33,30,30,34,33,33,37,44,31,30,61,35,33,31,34,37,39,30,32,47,33,30,33,34,32,33,33,32,34,36,35,40,31,29,34,41,34,30,29,31,31,30,34,35,31,30,30,36,34,32,39,31,42,30,30,44,46,35,31,33,37,62,30,39,36,33,34,35,28
31,31,39,34,44,69,41,45,34,31,32,34,34,30,33,33,36,38,29,38,69,34,69,34,31,41,42,47,31,46,36,38,37,34,31,31,34,31,35,34,38,34,34,32,43,30,66,40,32,35,48,38,71,32,32,33,33,39,38,32,37,34,36,34,37,35,34,34,34,68,35,41,32,32,33,31,32,40,32,35,63,31,32,35,37,39,68,35,31,33,33,31,36,63,31,34,31,31,35,34,35,38,46,32,31,62,36,34,34,36,38,40,31,33,48,34,31,34,35,33,34,34,33,35,37,36,41,32,30,35,42,35,31,30,32,32,31,36,37,32,31,31,37,35,33,40,32,43,31,31,45,47,36,32,34,38,63,31,40,39,34,35,36,29
32,32,40,35,45,70,42,46,35,32,34,35,35,31,34,34,37,39,30,39,70,35,70,35,33,42,43,48,32,47,37,39,38,35,32,33,35,32,36,35,39,35,35,33,44,31,68,41,33,37,49,39,72,33,33,34,34,40,39,33,38,35,37,35,38,36,35,35,35,70,36,42,33,33,34,32,33,41,33,36,64,32,33,36,38,40,70,36,32,34,34,32,37,64,32,35,32,32,36,35,36,39,47,33,32,63,37,35,35,37,39,41,32,34,49,35,32,35,36,34,35,35,35,36,38,37,42,33,31,36,43,36,33,31,33,34,33,37,38,33,33,32,38,36,34,41,33,44,33,33,46,48,37,33,35,39,64,32,41,40,35,36,37,30
33,34,41,36,46,71,44,47,36,33,35,36,36,32,35,35,38,40,31,40,71,36,71,36,35,43,44,49,33,48,38,40,39,36,33,34,36,33,37,36,40,36,36,34,45,32,69,42,34,38,51,40,73,34,34,37,35,42,40,34,39,36,38,36,39,37,36,36,36,71,37,43,34,34,35,33,34,42,34,37,65,33,34,37,39,41,71,37,33,35,35,33,38,65,33,37,33,33,37,36,37,40,48,34,34,64,38,36,36,38,40,42,33,35,51,36,33,36,37,35,36,36,36,37,40,38,43,35,32,37,44,37,34,33,34,35,35,38,39,34,34,33,39,37,35,42,34,45,34,34,47,49,38,34,36,40,65,33,42,41,36,37,38,31
36,36,42,37,47,72,45,48,37,36,36,37,37,33,37,36,39,42,32,41,72,37,72,37,36,44,45,50,36,49,39,41,40,38,35,36,37,34,38,37,41,37,37,35,46,33,70,43,35,39,52,41,74,35,36,38,36,43,42,35,40,37,39,37,40,38,37,37,37,72,38,44,35,35,37,35,36,44,35,38,66,36,35,38,40,42,72,38,36,36,36,34,39,66,34,38,36,35,38,37,38,42,49,35,36,65,39,37,37,39,41,44,34,38,52,37,36,37,38,36,38,37,37,38,41,39,44,36,33,38,45,38,35,34,35,36,36,39,40,35,36,36,40,38,38,44,35,46,35,35,48,50,39,35,37,41,66,36,44,42,37,38,39,32
37,37,43,38,48,73,46,50,38,37,37,38,38,34,38,38,40,43,34,42,73,38,73,38,37,45,46,51,37,50,41,42,41,40,36,37,38,35,39,38,42,38,38,37,47,35,71,44,37,40,53,42,75,37,37,39,37,44,43,37,41,38,40,38,41,40,38,38,38,73,39,45,37,36,38,36,37,45,37,39,67,37,37,39,41,43,73,39,37,37,38,35,40,67,36,39,37,36,40,38,39,43,50,37,37,66,41,38,38,40,42,45,35,39,53,38,37,38,39,37,39,38,38,39,42,40,45,38,34,39,46,39,36,35,37,37,37,40,41,36,37,37,41,39,39,45,36,48,36,36,49,52,40,37,38,42,67,37,45,43,38,39,40,34
39,38,44,39,49,74,47,51,39,39,39,39,39,35,39,39,42,45,35,43,74,39,74,39,38,46,47,52,39,51,43,43,43,41,37,39,39,36,40,39,43,39,39,38,48,36,72,45,38,41,54,43,76,38,38,40,38,46,45,38,42,39,41,39,42,41,39,39,39,74,40,47,38,38,39,37,39,47,38,40,68,39,38,40,42,44,74,40,39,39,40,36,41,68,37,40,39,37,41,39,40,45,51,38,38,67,43,39,39,41,43,47,36,40,54,39,39,39,40,38,40,39,39,40,43,41,46,39,35,40,48,40,37,36,38,39,38,42,42,37,39,39,43,40,40,47,39,49,37,37,50,53,42,38,39,43,68,39,47,44,39,40,41,35
40,39,45,40,50,75,48,52,41,40,40,41,40,36,40,40,43,46,36,44,75,41,75,40,39,47,48,53,40,52,44,45,44,42,38,40,40,37,41,40,44,40,40,39,51,37,73,46,39,42,55,44,77,39,39,41,40,47,46,39,43,40,42,41,43,42,40,41,40,75,42,48,39,39,40,38,40,48,39,41,69,40,39,42,43,45,75,41,40,40,41,39,42,69,39,41,40,38,42,40,41,46,52,39,39,68,44,40,41,42,44,48,37,41,55,40,40,40,42,39,41,41,40,42,44,43,47,40,36,41,49,41,39,37,39,40,39,43,43,39,40,40,44,41,41,48,40,50,39,39,51,54,43,39,40,44,69,40,48,45,41,41,42,36
41,40,46,41,51,76,49,53,43,41,41,42,41,37,41,41,44,47,37,45,76,43,76,41,40,48,50,54,41,53,45,46,45,43,39,41,41,38,42,41,45,42,41,40,52,38,74,48,40,43,56,46,78,40,40,43,41,49,47,40,44,41,44,42,44,44,41,42,41,76,43,49,40,40,41,39,41,49,40,42,70,41,40,43,44,46,76,42,41,41,42,40,43,70,41,42,41,39,43,41,42,47,53,40,40,69,45,41,42,43,46,49,38,42,56,41,41,41,43,40,42,42,41,43,45,44,49,41,37,42,50,43,40,38,40,41,40,44,44,40,41,41,45,42,42,49,41,51,40,40,52,55,44,40,41,46,70,41,49,46,42,42,43,37
42,41,48,42,52,77,51,54,44,42,42,43,43,38,42,42,46,48,38,46,77,44,77,42,41,49,51,55,42,54,48,47,46,44,40,42,43,40,44,43,46,44,43,41,53,39,76,50,41,44,57,48,79,41,41,44,42,50,48,41,45,43,45,43,46,45,42,43,43,77,44,50,41,41,42,40,42,50,41,43,71,42,41,44,45,47,77,44,42,43,43,41,44,71,42,43,42,40,44,43,43,48,54,41,41,70,48,43,43,44,48,50,39,43,57,43,42,42,44,42,43,43,42,44,46,46,50,42,38,43,51,44,41,40,41,42,41,45,45,41,42,42,46,43,43,50,42,53,41,41,54,56,45,41,42,47,71,42,50,47,43,43,44,38
43,42,50,44,53,78,52,55,45,43,44,45,44,40,43,43,47,49,39,47,78,45,78,43,42,50,52,56,43,55,49,48,48,45,41,43,44,41,46,44,47,45,44,44,55,40,77,51,44,46,58,49,80,44,43,46,43,51,49,44,46,44,46,45,47,46,44,44,44,78,45,51,44,42,43,41,43,51,44,44,72,43,44,45,46,48,78,45,43,44,44,42,45,72,44,44,43,41,45,44,44,49,55,44,42,71,49,44,45,45,49,51,41,45,58,44,43,43,45,44,44,44,43,45,47,47,51,43,40,45,52,45,42,41,44,44,42,46,47,42,43,43,47,45,45,51,43,54,42,42,55,57,46,42,43,48,72,43,51,50,44,44,45,39
44,43,52,45,54,79,53,56,46,44,45,46,45,41,44,44,48,50,40,48,79,46,79,44,43,52,53,57,44,56,50,50,49,47,42,44,45,42,47,45,48,46,45,45,56,42,78,52,45,47,59,50,81,45,44,47,44,52,50,45,48,45,47,46,48,47,45,45,45,79,46,52,45,43,44,42,45,53,45,46,74,44,45,46,47,49,79,46,44,45,45,43,46,74,45,45,44,42,47,45,45,50,57,45,43,73,50,45,46,46,50,53,42,46,59,45,44,44,46,45,45,45,44,46,49,49,52,44,41,46,53,46,43,42,45,45,43,47,49,43,44,44,48,46,46,53,44,55,43,43,56,58,47,43,44,49,74,44,53,51,45,46,46,40
45,44,53,46,55,80,54,57,47,45,46,47,46,43,45,45,49,51,43,49,80,47,80,45,44,53,54,58,45,58,51,51,50,48,43,45,46,43,48,46,49,47,46,46,57,43,79,53,46,48,60,51,82,46,45,48,46,53,51,46,49,46,48,47,49,48,46,46,46,80,47,53,46,44,45,43,46,54,46,48,75,45,46,47,48,50,80,47,45,46,46,44,47,75,46,46,45,43,48,46,46,51,58,46,44,74,51,46,47,47,51,54,43,47,60,46,45,45,47,46,46,46,45,47,50,50,54,45,43,47,54,47,44,43,46,46,44,48,50,44,45,45,49,47,47,54,45,56,44,44,57,59,48,44,46,50,75,45,54,52,46,47,47,43
46,45,54,47,56,81,55,60,48,46,47,48,48,44,46,46,50,52,44,51,81,48,81,46,45,54,56,59,46,59,52,52,51,49,44,46,48,44,49,48,50,48,48,47,58,44,80,54,47,51,61,52,83,47,47,49,47,54,52,47,50,48,49,48,50,49,47,47,48,81,48,54,47,45,46,44,47,55,47,49,76,46,47,48,49,51,81,48,46,47,47,45,48,76,47,47,46,44,49,48,47,52,59,47,45,75,52,48,48,49,52,55,44,48,61,48,46,47,48,47,47,48,46,48,51,51,55,46,44,48,55,48,45,44,47,47,45,49,51,45,46,46,50,48,48,55,46,57,45,45,58,60,49,45,47,51,76,46,55,53,47,48,48,44
47,46,55,48,59,82,56,61,49,47,48,49,49,45,47,47,51,53,45,53,82,49,82,48,46,56,58,60,47,60,53,53,52,50,45,47,49,46,50,49,51,49,49,48,59,46,81,55,48,52,62,53,84,48,48,50,48,55,53,48,51,49,50,49,51,50,48,48,49,82,49,55,48,46,47,45,48,56,48,50,78,47,48,49,50,52,82,49,47,48,48,46,49,78,48,48,47,45,50,49,48,53,60,48,46,76,53,49,49,50,53,56,45,49,62,49,47,48,49,48,50,49,47,49,52,52,56,47,45,49,56,49,46,46,48,48,46,50,52,46,47,47,51,50,49,56,47,58,46,46,60,61,50,46,48,52,78,47,56,54,48,49,50,45
49,47,56,50,60,83,58,62,50,49,49,50,50,47,48,48,52,54,46,54,83,50,83,50,47,57,59,61,49,61,54,54,53,51,47,48,50,47,51,50,52,50,50,49,60,47,82,56,49,53,63,54,85,49,49,51,49,56,54,49,52,50,51,50,52,51,50,50,50,83,50,56,49,47,48,47,49,57,49,51,80,49,49,50,51,53,83,50,49,49,49,48,50,80,49,49,49,47,51,50,49,54,63,49,47,77,54,50,50,51,54,57,46,50,63,50,49,49,50,49,51,50,48,50,53,53,57,48,47,50,57,50,49,47,49,49,47,51,53,47,48,49,52,51,50,57,48,59,49,49,61,62,51,47,49,54,80,49,57,55,49,50,51,46
50,48,57,51,61,84,59,63,51,50,50,51,51,49,49,49,53,56,47,55,84,51,84,51,48,58,60,62,50,62,55,55,54,52,48,50,51,48,52,51,53,51,51,50,61,48,83,57,50,54,64,55,86,50,50,52,50,57,56,50,54,51,52,51,54,52,51,51,51,84,51,57,50,49,49,48,50,58,50,52,81,50,50,51,53,55,84,51,50,51,50,50,51,81,50,50,50,48,53,51,50,56,64,50,48,78,55,51,51,52,55,58,48,51,64,51,50,50,51,51,52,51,49,52,54,54,58,49,49,51,58,51,50,48,50,50,48,52,54,50,50,50,53,52,51,58,49,60,50,50,62,63,52,48,51,55,81,50,58,56,50,53,52,47
51,49,58,53,62,85,60,64,52,51,51,52,52,50,50,50,54,57,50,56,85,52,85,52,49,59,61,63,51,63,56,56,55,53,49,51,52,50,53,52,54,52,52,51,62,51,84,58,51,56,65,56,87,51,51,54,52,58,57,51,55,52,53,52,55,53,53,52,52,86,52,58,51,50,50,49,51,59,51,53,82,51,51,52,54,56,86,52,51,52,51,51,52,82,51,51,51,49,54,52,52,57,65,51,49,81,56,52,52,53,56,59,51,52,65,52,51,51,52,52,54,52,50,53,55,55,59,50,50,52,59,52,51,50,51,51,49,53,55,52,51,51,55,53,52,59,50,61,51,51,63,64,53,50,52,56,82,51,59,57,51,55,53,50
52,50,59,54,63,86,62,65,53,52,52,53,53,51,51,51,55,58,51,57,86,54,86,54,51,60,62,64,52,64,57,57,57,54,50,52,53,51,55,53,55,53,53,53,63,52,85,59,53,57,66,57,88,53,52,55,53,59,58,53,56,53,54,53,57,55,54,54,53,87,54,60,53,53,51,50,52,60,53,55,83,52,53,53,55,57,87,54,52,53,52,52,53,83,52,52,52,50,55,53,53,58,66,53,50,82,57,53,53,54,57,60,52,53,66,53,52,53,53,53,55,53,51,54,56,56,60,51,51,53,61,53,53,51,53,52,51,54,57,53,52,52,56,54,53,60,51,62,53,53,64,65,54,53,54,57,83,52,60,58,53,56,54,51
53,52,60,55,64,87,64,66,54,53,53,54,55,52,53,52,57,60,52,60,87,55,87,55,52,61,63,65,53,65,58,59,58,55,51,53,55,54,56,55,56,54,55,54,65,53,86,60,54,58,67,58,89,54,53,56,54,61,60,54,58,56,55,54,58,56,55,55,55,88,55,61,54,54,53,51,53,61,54,56,84,53,54,54,56,58,88,55,53,54,53,53,54,84,54,53,53,51,56,55,54,60,67,54,52,84,58,55,54,56,58,61,53,54,67,55,53,54,54,54,56,54,52,55,57,57,61,52,52,54,62,54,54,53,54,53,52,55,58,54,53,53,57,55,54,61,53,63,54,54,65,66,55,54,55,58,84,53,61,59,54,57,55,52
54,53,61,56,65,88,65,67,55,54,54,55,57,53,54,53,59,61,53,61,88,56,88,56,53,62,64,67,54,66,60,60,59,56,52,54,57,55,57,57,58,56,57,55,66,54,87,61,55,61,68,60,91,55,56,57,55,62,61,55,59,57,57,55,59,57,56,56,57,89,57,62,55,55,54,52,54,62,55,57,85,54,55,55,57,59,89,58,54,55,55,54,56,85,55,55,54,52,57,57,55,61,68,55,54,85,60,57,55,57,60,62,54,55,68,57,54,55,55,56,57,55,53,56,58,58,62,53,53,56,64,55,55,55,55,54,53,57,59,55,54,54,58,56,55,62,55,64,55,55,66,68,58,55,56,59,85,54,62,60,55,58,56,53
56,54,63,57,66,90,67,69,56,56,56,58,59,54,55,55,60,63,54,62,90,57,90,57,55,63,65,69,56,67,63,61,60,58,54,56,59,56,58,59,59,57,59,56,67,55,90,62,56,62,69,61,92,56,58,58,56,64,63,56,60,58,59,58,60,58,57,58,59,90,58,63,56,56,55,54,57,65,56,59,86,56,56,57,58,60,90,59,56,56,57,55,57,86,56,57,56,54,58,59,56,63,69,56,55,86,63,59,58,58,61,65,55,57,69,59,56,56,57,57,58,56,55,57,60,59,63,56,54,57,65,56,56,56,56,56,55,60,60,56,55,56,59,58,57,65,56,65,56,56,67,69,59,56,58,61,86,56,65,61,56,59,57,54
59,55,64,60,67,91,68,70,57,59,57,59,60,56,59,56,61,65,55,63,91,60,91,58,57,64,66,70,59,69,64,62,61,59,55,57,60,57,59,60,60,59,60,57,68,57,91,63,57,63,70,64,93,57,60,59,57,65,65,57,61,60,61,59,61,59,60,59,60,91,60,64,57,58,59,55,58,67,57,60,87,59,57,59,59,61,91,60,59,57,59,57,58,87,57,59,59,55,59,60,58,65,70,57,56,87,64,60,59,59,64,67,56,59,70,60,59,58,59,58,59,57,56,58,61,60,64,57,56,58,66,57,58,57,57,57,57,61,61,57,57,59,60,59,59,67,57,67,58,58,68,70,60,57,59,62,87,59,67,62,57,60,58,55
60,56,67,61,68,92,73,71,58,60,60,61,61,57,60,59,64,67,56,64,92,61,92,59,58,65,67,71,60,70,67,63,62,60,57,59,61,58,62,61,61,62,61,58,70,58,92,65,58,65,71,65,94,58,61,60,59,66,67,58,62,61,64,61,62,60,61,60,61,92,62,65,58,59,60,57,59,69,58,61,88,60,58,60,60,62,92,61,60,58,60,58,59,88,59,60,60,57,60,61,61,67,71,58,57,88,67,61,61,61,65,69,58,61,71,61,60,59,60,59,60,58,57,61,63,63,66,58,57,59,68,61,59,58,58,60,58,62,64,59,60,60,64,61,61,69,58,68,59,59,69,71,62,59,60,65,88,60,69,63,58,62,59,56
61,57,70,62,69,94,74,72,59,61,61,62,62,58,61,60,66,68,57,66,94,62,94,60,59,66,70,72,61,71,68,64,63,61,59,61,62,60,63,62,62,63,62,59,71,59,93,68,59,67,72,67,95,59,62,65,61,67,68,59,63,62,65,62,66,61,62,62,62,93,63,66,59,61,61,59,61,70,59,63,89,61,59,61,62,63,93,62,61,60,61,61,60,89,61,61,61,59,61,62,62,68,72,59,58,89,68,62,62,63,67,70,59,62,72,62,61,60,61,60,61,59,58,62,64,64,67,59,58,60,69,63,60,59,59,61,59,63,65,60,61,61,65,63,62,70,59,70,60,60,70,72,64,60,61,67,89,61,70,65,60,63,60,57
62,58,71,63,70,95,75,74,60,62,62,64,63,59,63,61,67,70,58,67,95,63,95,61,60,67,72,73,62,72,69,65,64,62,60,62,63,61,64,63,63,64,63,60,73,60,94,69,60,68,73,68,96,60,64,66,62,68,70,60,64,63,68,64,67,62,63,63,63,94,64,67,60,62,63,60,62,72,60,64,90,62,60,62,63,64,94,63,62,62,62,62,61,90,62,63,62,60,62,63,64,70,73,60,59,90,69,63,64,64,68,72,60,63,73,63,62,61,62,61,62,60,59,65,66,65,69,60,59,63,70,64,61,60,60,62,60,64,66,61,62,62,66,64,63,72,60,72,61,61,71,73,65,61,62,68,90,62,72,66,61,64,61,58
63,59,72,64,72,96,77,75,61,63,63,66,64,60,64,62,68,71,59,68,96,64,96,62,61,68,74,74,63,73,70,66,65,63,62,63,64,62,65,64,64,65,64,61,74,61,95,71,61,69,74,69,97,61,65,67,63,71,71,61,65,65,69,66,70,64,64,64,64,95,65,68,61,63,64,62,64,73,61,65,91,63,61,63,66,66,95,64,63,63,64,63,62,91,63,64,63,62,63,64,65,71,74,61,60,91,70,64,66,65,69,73,61,64,74,64,63,62,63,62,63,63,61,68,67,66,71,61,60,64,71,66,62,61,61,63,61,66,67,62,63,63,69,65,64,73,61,74,62,62,72,74,66,62,63,69,91,63,73,67,62,65,62,59
65,60,73,65,73,97,78,76,62,65,64,67,65,61,65,64,70,72,60,69,97,66,97,63,62,69,77,75,65,74,71,67,66,64,64,64,65,64,66,65,65,67,65,62,75,62,96,72,62,70,75,70,99,62,66,68,64,72,72,62,66,66,70,67,72,65,65,65,65,97,66,69,62,64,65,64,66,74,62,67,92,65,62,64,67,67,97,65,65,64,66,64,63,92,65,65,65,64,64,65,66,72,75,62,61,92,71,65,67,66,70,74,62,65,75,65,65,63,64,63,64,64,62,69,69,67,73,62,61,65,72,68,63,62,62,64,62,67,69,63,64,65,70,66,65,74,62,75,63,63,73,75,68,63,64,70,92,65,74,68,63,66,63,60
66,61,74,66,74,98,79,77,63,66,65,69,66,62,66,65,71,73,61,70,98,67,98,64,63,70,78,76,66,75,72,68,67,65,65,65,66,65,67,66,66,68,66,63,76,63,97,74,63,71,76,71,100,63,68,69,65,73,73,63,67,67,71,69,73,66,66,66,66,98,69,70,63,65,66,65,67,75,63,69,93,66,63,65,68,68,98,66,66,65,67,65,64,93,66,66,66,65,65,66,67,73,76,63,62,93,72,66,69,67,71,75,63,66,76,66,66,64,65,64,65,65,63,71,70,68,74,63,62,66,73,69,64,63,63,65,63,68,70,64,65,66,71,67,66,75,63,76,64,64,74,76,69,64,65,72,93,66,75,69,64,67,64,61
67,62,75,67,75,99,80,78,64,67,66,70,67,63,68,67,72,74,62,71,99,68,99,65,64,71,79,77,67,76,73,69,68,66,66,66,67,66,69,67,67,69,67,64,77,64,98,75,64,72,78,72,101,64,69,70,66,74,74,64,68,68,72,70,74,67,67,67,67,99,70,71,64,66,68,66,68,77,64,70,94,67,64,66,69,69,99,67,67,66,68,66,65,94,67,67,67,66,66,67,68,74,77,64,63,94,73,67,70,68,72,77,64,67,78,67,67,65,66,65,67,66,64,72,71,69,75,64,63,67,74,70,65,64,64,66,64,69,71,65,66,67,72,68,67,77,64,77,65,65,75,77,70,65,66,73,94,67,77,70,65,68,65,62
68,63,76,68,76,100,81,79,65,68,67,71,68,64,69,68,73,75,63,72,100,69,100,66,65,72,80,78,68,77,74,70,69,67,67,67,68,67,70,68,68,70,68,65,78,65,99,79,65,74,79,73,102,65,70,71,67,75,75,65,70,69,73,71,75,68,68,68,68,100,71,72,65,67,69,67,69,78,65,71,95,68,65,67,71,70,100,68,68,67,69,67,67,95,68,68,68,67,67,68,69,75,78,65,64,95,74,68,71,69,73,78,65,68,79,68,68,66,67,66,68,67,65,73,72,70,76,65,64,68,75,71,66,65,65,67,65,70,72,66,67,68,73,69,68,78,65,78,66,66,76,78,71,66,67,75,95,68,78,71,66,69,66,63
69,65,77,69,77,101,82,80,66,69,69,72,69,65,70,70,74,77,67,73,101,70,101,67,66,73,81,79,69,78,75,71,70,68,68,68,69,68,72,69,70,71,69,66,79,66,101,80,66,76,80,74,103,66,71,72,68,76,77,66,71,70,74,72,76,69,69,69,69,101,72,73,66,68,70,68,70,79,66,72,96,69,66,68,72,71,101,70,69,68,70,68,68,96,69,69,69,68,68,69,70,77,79,66,65,96,75,69,72,70,74,79,66,69,80,69,69,67,68,67,69,68,66,74,73,71,78,66,65,69,76,72,67,66,66,69,66,71,73,67,68,69,74,70,69,79,66,79,67,67,77,80,72,67,68,76,96,69,79,72,67,70,67,67
70,66,78,70,78,102,84,81,67,70,70,73,70,67,71,71,75,79,68,74,102,71,102,68,67,74,82,80,70,79,76,72,71,69,69,69,70,69,73,70,71,72,70,68,80,67,102,82,68,77,81,75,105,68,72,73,69,78,79,68,72,71,75,73,77,70,70,70,70,102,73,74,68,69,71,69,71,80,68,73,97,70,68,69,73,72,102,71,70,69,72,69,69,97,70,70,70,69,69,70,71,79,80,68,67,97,76,70,73,71,75,80,67,70,81,70,70,68,69,68,70,69,67,75,74,72,79,67,67,70,77,74,68,68,68,70,67,72,74,68,69,70,75,71,70,80,67,80,68,68,78,81,73,68,69,77,97,70,80,73,68,71,68,68
71,68,79,71,79,105,86,82,68,71,71,74,71,68,72,72,76,80,69,75,105,72,105,69,70,76,84,82,71,80,77,73,72,71,70,70,71,70,74,71,72,73,71,70,81,70,103,83,70,78,82,76,107,70,73,74,70,79,80,70,73,72,76,74,79,71,71,71,71,103,74,75,70,71,72,70,72,81,70,74,98,71,70,71,74,73,103,72,71,70,73,70,70,98,71,71,71,70,71,71,72,80,81,70,68,98,77,71,74,72,76,81,68,71,82,71,71,70,71,69,71,70,68,76,75,73,80,69,68,71,78,75,70,69,70,71,70,73,75,70,70,71,76,72,71,81,68,81,70,70,79,82,74,70,70,78,98,71,81,74,69,73,70,69
72,69,80,72,80,106,88,83,69,72,72,75,72,69,73,73,77,81,70,76,106,73,106,72,71,77,86,83,72,81,78,75,73,72,71,71,72,71,75,72,73,74,72,71,82,71,104,84,71,79,83,77,108,71,74,75,71,80,81,71,74,73,77,75,80,72,72,72,72,105,75,77,71,72,73,71,73,82,71,75,99,72,71,72,75,75,105,73,72,71,74,71,71,99,72,72,72,71,72,72,73,81,82,71,69,99,78,72,75,73,77,82,70,72,83,72,72,71,72,71,72,71,69,77,76,74,81,70,69,72,79,76,72,70,71,72,71,74,76,71,71,72,77,74,72,82,69,82,72,72,80,83,75,71,71,79,99,72,82,75,70,74,71,70
73,70,81,74,81,107,89,84,71,73,73,76,73,70,74,74,78,82,71,78,107,74,107,73,72,78,87,84,73,82,79,76,74,74,72,72,73,72,76,73,74,75,73,72,83,73,105,85,72,80,85,78,110,72,75,76,72,81,82,72,75,74,78,76,81,74,74,74,73,106,76,78,72,73,74,72,74,83,72,76,100,73,72,73,76,76,106,75,73,72,75,72,73,100,73,73,73,72,73,73,74,82,83,72,71,100,79,73,76,75,78,83,71,74,85,73,73,72,73,72,73,72,70,78,77,75,82,71,70,73,80,77,73,71,72,73,72,75,77,72,72,73,78,75,74,83,71,83,73,73,81,84,76,72,73,80,100,73,83,76,71,75,72,71
74,71,82,75,82,108,91,86,72,74,74,77,74,71,75,75,79,83,72,79,108,75,108,74,73,79,88,85,74,83,80,77,75,75,73,73,74,73,77,74,75,76,74,73,84,74,106,86,73,81,86,79,113,73,76,77,73,82,83,73,77,75,79,77,82,75,75,75,74,107,77,79,73,74,75,73,75,84,73,77,101,74,73,74,77,77,107,76,74,73,76,73,74,101,74,74,74,73,74,74,75,83,84,73,72,101,80,74,77,76,79,84,73,75,86,74,74,73,74,73,74,73,71,79,78,76,83,72,71,76,81,78,74,72,73,74,73,76,78,73,73,74,79,76,75,84,72,84,74,74,82,85,77,73,74,81,101,74,84,77,72,76,73,72
75,72,83,76,83,109,92,87,73,75,75,78,75,73,76,76,80,84,73,80,109,76,109,76,74,80,89,86,75,84,81,79,79,76,74,74,75,75,78,75,76,77,75,74,85,75,107,87,74,82,87,80,114,74,77,78,74,83,84,74,78,76,80,78,83,76,76,77,75,109,78,80,74,75,76,74,76,85,74,78,102,75,74,76,78,78,109,77,75,74,77,74,75,102,75,76,75,74,75,75,76,84,85,74,74,102,81,75,78,77,80,85,74,76,87,75,75,75,76,74,75,74,73,80,79,77,84,73,73,78,82,79,75,73,74,75,74,77,79,75,74,75,80,78,76,85,73,85,75,75,83,86,78,74,75,82,102,75,85,78,73,77,74,73
76,74,84,78,86,110,93,88,74,76,76,79,76,77,77,77,81,85,74,81,110,77,110,77,75,81,90,87,76,85,82,80,80,77,75,75,76,76,79,76,77,78,76,76,86,77,108,88,76,83,89,81,115,76,78,79,77,84,85,76,79,77,81,79,84,77,78,79,76,110,79,81,76,76,77,75,77,86,76,79,103,76,76,79,79,80,110,80,76,76,78,75,76,103,76,77,76,75,76,76,77,85,86,76,75,103,82,76,79,78,81,86,75,77,89,76,76,76,79,76,77,76,74,81,80,78,85,74,77,79,83,80,76,74,76,76,75,78,80,76,75,76,81,79,77,86,74,86,76,76,84,87,79,75,76,83,103,76,86,79,74,78,75,74
77,75,85,79,87,111,94,89,75,77,77,80,77,78,78,78,82,86,75,82,111,78,111,78,77,83,91,89,77,86,83,81,81,78,76,76,77,78,80,77,78,79,77,77,87,78,109,89,77,84,90,82,117,77,79,80,78,85,86,77,81,78,83,80,85,78,79,80,77,111,81,82,77,77,78,76,78,87,77,80,104,77,77,80,80,81,111,81,77,77,79,77,78,104,77,79,77,76,79,77,78,86,87,77,77,104,83,77,80,79,82,87,76,79,90,77,77,78,80,78,79,77,75,82,81,79,86,75,78,80,84,81,77,76,77,77,77,79,81,77,76,77,82,80,79,87,75,87,77,77,85,88,81,77,77,84,104,77,87,81,76,79,76,75
78,76,86,81,88,112,95,90,76,78,78,81,78,79,79,79,83,87,76,83,112,79,112,79,80,86,92,90,78,88,84,84,82,80,77,77,78,80,81,78,79,80,78,78,88,79,110,90,78,85,91,83,119,78,80,81,79,86,87,78,82,79,84,81,86,79,81,81,78,112,82,84,78,79,79,77,79,88,78,81,105,78,78,82,81,83,112,82,78,78,81,78,81,105,78,80,78,77,81,78,79,87,88,78,78,105,84,78,81,80,83,88,78,80,91,78,78,79,82,80,80,78,76,83,82,80,87,78,79,81,85,82,79,78,78,78,80,80,82,79,77,78,83,81,80,88,77,88,79,79,86,89,82,78,80,85,105,78,88,82,77,80,78,76
79,79,87,82,90,113,96,91,77,79,79,82,80,80,80,80,84,88,77,86,113,80,113,81,81,89,93,91,79,89,85,85,85,81,78,78,80,83,82,80,81,82,80,81,89,82,111,91,81,87,93,84,120,81,81,83,80,87,88,81,83,80,85,82,87,81,82,82,80,114,83,86,81,80,80,78,80,89,81,82,106,79,81,83,82,84,114,84,79,80,82,81,82,106,81,81,79,78,82,80,80,88,89,81,82,106,85,80,82,83,84,89,79,82,93,80,79,80,83,82,84,79,77,84,83,81,88,79,80,82,87,83,80,79,81,79,81,82,84,82,78,79,84,82,82,89,81,89,80,80,87,90,83,79,81,86,106,79,89,83,78,81,79,77
80,81,88,83,91,114,97,93,83,80,80,83,82,82,81,81,86,89,81,88,114,83,114,84,86,91,94,92,80,90,86,87,86,84,79,80,82,85,83,82,82,83,82,82,90,83,112,92,82,89,94,87,121,82,82,84,82,88,89,82,85,82,86,83,88,82,83,83,82,115,84,87,82,82,81,79,81,90,82,83,107,80,82,84,84,86,115,86,80,81,83,87,86,107,86,82,80,79,83,82,81,89,90,82,83,107,86,82,83,85,87,90,80,84,94,82,80,84,84,84,85,80,78,85,85,83,89,81,82,84,88,84,82,80,82,80,86,85,86,83,79,80,86,85,84,90,83,90,82,82,89,91,86,80,82,87,107,80,90,86,79,83,82,81
84,84,89,85,92,115,98,96,85,84,84,84,86,86,82,82,88,90,83,90,115,86,115,86,87,92,95,93,84,91,87,88,88,87,80,82,86,87,86,86,83,84,86,85,91,85,113,93,85,90,95,90,122,85,84,86,84,89,90,85,86,83,87,84,89,83,85,84,86,116,85,88,85,85,82,80,83,91,85,84,108,84,85,86,85,87,116,87,84,84,84,89,88,108,87,87,84,80,85,86,82,90,92,85,89,108,87,86,84,86,90,91,83,85,95,86,84,87,86,85,88,84,81,87,86,84,90,82,86,87,92,85,83,82,85,84,87,87,87,85,82,84,88,86,85,91,84,91,83,83,90,92,88,82,85,88,108,84,91,87,84,84,83,83
86,85,90,86,93,116,99,99,87,86,86,88,87,88,85,83,89,91,85,91,116,87,116,90,88,96,96,94,86,93,88,89,89,88,81,83,87,88,87,87,86,86,87,87,93,88,114,94,87,91,96,91,125,87,85,88,85,90,91,87,87,84,88,88,93,86,86,86,87,117,87,90,87,86,85,81,84,92,87,87,109,86,87,87,86,89,117,88,86,85,87,90,90,109,88,88,86,81,86,87,85,91,93,87,90,110,88,87,88,87,91,92,84,86,96,87,86,90,87,86,89,85,84,90,87,85,91,83,88,89,93,87,86,84,87,86,88,88,88,86,83,86,90,88,86,92,85,92,86,86,91,94,89,84,86,89,109,86,92,90,86,86,84,85
87,90,91,89,96,117,100,100,91,87,87,90,88,90,88,84,92,93,86,95,117,90,117,92,89,97,97,96,87,95,94,92,90,90,83,85,88,89,89,88,92,87,88,88,95,89,116,95,88,92,97,92,126,88,87,89,86,92,93,88,89,88,89,90,95,87,89,89,88,118,94,91,88,87,88,83,86,93,88,88,110,87,88,90,88,91,118,91,87,88,88,91,92,110,89,90,87,83,87,88,86,93,94,88,91,111,94,88,90,88,92,93,85,88,97,88,87,91,90,87,90,87,88,92,88,87,93,91,90,90,94,88,87,85,88,87,89,89,90,87,85,87,91,89,88,93,90,93,87,87,93,95,90,86,88,91,110,87,93,91,88,87,87,86
88,91,93,91,98,118,101,102,92,88,88,91,89,92,90,86,95,95,88,96,118,91,118,93,93,98,98,100,88,96,95,94,94,92,90,87,89,90,90,89,93,90,89,90,96,90,117,97,90,94,98,93,127,90,90,90,87,94,95,90,92,91,91,91,96,88,91,90,89,119,95,92,90,89,90,90,87,94,90,92,111,88,90,91,91,95,119,92,88,89,89,92,93,111,90,91,88,90,90,89,90,95,95,90,92,112,95,89,91,91,93,94,87,90,98,89,88,92,91,88,93,88,90,93,89,88,94,93,92,93,96,90,89,89,90,88,93,91,91,90,87,88,92,92,90,94,91,95,89,89,95,96,94,88,89,92,111,88,94,94,90,92,89,88
89,93,94,93,99,119,103,104,94,89,89,93,90,94,92,87,96,96,91,99,119,93,119,94,94,99,99,101,89,97,96,96,97,94,92,88,90,92,91,90,96,95,90,91,99,92,118,99,91,96,99,94,128,91,92,91,91,97,96,91,93,93,92,93,97,93,93,91,90,120,96,93,91,93,92,92,90,96,91,93,112,89,91,92,94,97,120,93,89,90,91,93,94,112,91,92,89,92,94,90,94,96,96,91,93,113,96,90,93,92,94,96,88,92,99,90,89,93,92,92,95,91,91,94,93,91,95,94,94,94,98,92,91,90,91,89,94,94,93,91,88,89,96,94,92,96,92,96,91,91,96,98,95,89,90,93,112,89,96,96,91,95,92,91
90,94,96,97,101,120,104,105,95,90,90,94,93,95,93,89,97,97,92,100,120,94,120,95,95,102,100,102,90,99,97,97,98,97,93,91,93,94,95,93,97,96,93,93,100,94,119,100,93,98,100,97,129,93,94,94,93,98,97,93,95,94,93,94,99,94,97,92,93,121,97,97,93,94,93,93,93,97,93,95,115,90,93,97,95,98,121,94,90,91,93,94,95,115,93,96,90,93,95,93,96,97,98,93,94,114,97,93,94,93,97,97,93,94,100,93,90,94,97,94,96,92,92,95,94,92,96,95,95,95,101,94,93,92,93,90,95,95,97,92,90,90,98,95,94,97,93,99,93,93,97,99,96,92,91,95,115,90,97,97,92,96,93,92
91,95,97,98,103,121,105,108,96,91,91,95,94,96,95,91,98,99,93,102,121,96,121,96,96,103,101,103,91,100,98,99,102,98,94,92,94,95,96,94,98,97,94,94,101,95,120,102,94,99,101,98,130,94,97,95,94,99,99,94,96,95,95,95,100,95,98,93,94,122,98,102,94,95,95,94,94,98,94,96,116,91,94,98,96,99,122,95,91,92,94,96,98,116,94,97,91,94,96,94,97,99,99,94,96,115,98,94,95,94,98,98,94,95,101,94,91,96,98,95,98,93,93,97,96,94,100,96,96,96,102,96,94,94,94,91,96,97,98,93,93,91,99,97,95,98,94,103,94,94,99,101,97,93,93,97,116,91,98,100,93,97,94,93
93,97,99,99,104,122,106,109,98,93,93,97,95,98,96,92,99,100,94,103,122,97,122,97,97,104,103,106,93,101,100,100,103,99,95,93,95,96,98,95,99,98,95,96,102,96,121,104,96,100,102,101,131,96,98,96,96,100,100,96,99,96,97,97,101,97,99,94,95,123,99,103,96,96,96,95,97,101,96,97,117,93,96,99,97,100,123,98,93,95,95,98,101,117,96,98,93,95,97,95,98,100,100,96,97,116,100,95,97,95,101,101,96,99,102,95,93,97,99,97,99,94,95,98,97,97,101,97,98,97,103,98,95,96,96,93,97,98,99,94,95,93,100,98,99,101,95,104,95,95,100,102,98,94,95,100,117,93,101,102,96,99,96,94
94,98,100,100,105,123,107,110,99,94,94,98,96,99,98,93,101,102,95,104,123,99,123,98,99,105,105,109,94,102,101,101,104,100,96,96,96,97,99,96,100,99,96,97,104,97,122,105,97,101,104,102,132,97,99,97,97,102,102,97,101,97,98,98,102,98,100,95,96,124,100,104,97,97,98,96,98,104,97,99,119,94,97,100,99,101,124,99,94,97,96,99,102,119,97,99,94,96,98,96,99,102,101,97,98,118,101,96,98,97,102,104,97,100,104,96,94,98,100,98,101,95,96,99,99,98,102,98,99,98,105,99,97,97,97,94,99,99,100,97,96,94,102,99,100,104,96,105,97,97,101,104,99,95,96,101,119,94,104,104,97,100,99,95
99,99,102,101,108,125,108,111,100,99,99,99,98,100,99,94,102,103,96,105,125,100,125,99,101,106,107,111,99,106,102,103,105,101,97,97,98,98,101,98,101,100,98,98,105,99,123,106,98,102,106,103,133,98,100,98,98,103,103,98,102,98,100,99,103,99,101,96,98,125,101,105,98,98,99,97,99,105,98,100,120,99,98,101,100,102,125,101,99,100,98,100,103,120,99,100,99,97,99,98,100,103,104,98,99,119,102,98,99,98,103,105,98,101,106,98,99,99,101,100,102,98,97,101,100,102,106,99,100,99,107,101,98,99,98,99,101,100,101,99,98,99,103,102,101,105,98,106,98,98,102,105,100,97,97,102,120,99,105,105,100,102,100,96
100,100,103,102,109,126,110,112,101,100,100,100,99,101,100,95,103,104,98,106,126,102,126,100,102,108,108,112,100,107,103,104,106,102,98,98,99,99,102,99,104,101,99,99,107,100,127,107,99,103,107,105,134,99,101,101,99,106,104,99,103,99,101,100,104,100,102,97,99,126,102,107,99,99,100,98,100,107,99,101,121,100,99,102,101,103,126,102,100,102,99,102,104,121,100,101,100,98,100,99,101,104,107,99,100,120,103,99,100,100,105,107,99,102,107,99,100,101,102,101,103,99,98,102,102,104,107,100,101,100,109,103,100,100,99,100,102,101,102,101,99,100,104,103,102,107,99,107,100,100,104,106,101,98,99,104,121,100,107,106,101,104,102,98
101,101,104,104,110,129,111,114,102,101,101,102,100,102,103,97,105,105,99,107,129,103,129,101,103,109,110,113,101,108,104,105,107,103,99,99,100,100,103,100,105,102,100,100,108,101,128,108,100,104,110,106,135,100,102,102,100,108,105,100,104,100,102,102,106,101,104,99,100,127,103,108,100,100,103,99,101,108,100,102,122,101,100,103,102,105,127,103,101,103,100,103,105,122,101,102,101,99,101,100,102,105,108,100,101,121,104,100,102,102,106,108,100,105,110,100,101,102,103,102,104,100,99,105,103,105,108,101,102,101,110,104,103,102,100,101,103,102,104,102,101,101,105,104,105,108,100,109,103,103,107,108,102,99,100,105,122,101,108,107,102,105,103,99
102,102,106,105,111,130,114,116,103,102,102,104,102,104,104,98,106,106,103,108,130,104,130,103,104,110,111,114,102,109,105,106,108,104,101,102,102,101,105,102,106,103,102,102,110,102,129,109,102,105,111,107,136,102,104,103,101,109,106,102,106,101,105,104,107,102,105,101,102,128,104,109,102,102,104,101,103,109,102,103,124,102,102,104,103,106,128,105,102,104,101,104,106,124,102,103,102,101,102,102,104,106,109,102,102,122,105,102,104,103,107,109,102,106,111,102,102,105,104,103,105,101,100,106,104,106,109,103,104,103,112,105,104,103,102,102,104,103,105,103,102,102,106,106,106,109,102,110,104,104,108,111,105,101,101,106,124,102,109,108,103,106,106,103
104,105,107,106,112,132,115,117,105,104,104,105,104,106,105,100,107,107,104,109,132,105,132,105,105,111,112,115,104,110,106,107,109,105,103,103,104,102,106,104,108,106,104,105,112,103,131,110,105,106,113,108,137,105,105,104,103,110,107,105,107,102,106,105,108,103,106,102,104,129,105,110,105,105,105,103,105,110,105,104,125,104,105,105,104,108,129,106,104,105,102,105,107,125,103,106,104,103,103,104,105,107,110,105,104,125,106,104,105,104,108,110,103,107,113,104,104,106,105,104,107,103,102,107,106,107,110,104,106,104,113,107,105,104,105,104,105,104,107,104,105,104,107,107,107,110,104,111,105,105,109,112,106,104,102,107,125,104,110,109,104,107,108,104
105,106,109,108,113,133,118,118,106,105,105,106,105,107,106,101,108,111,106,110,133,106,133,106,106,112,113,116,105,111,107,109,110,107,105,105,105,103,107,105,109,107,105,106,113,106,133,111,106,107,114,109,138,106,106,107,104,111,111,106,108,106,108,106,109,105,108,103,105,130,106,111,106,106,106,105,106,111,106,105,127,105,106,106,106,109,130,107,105,106,103,107,108,127,104,107,105,105,104,105,106,111,111,106,106,126,107,105,106,106,109,111,105,108,114,105,105,107,106,105,108,104,103,108,107,108,112,105,107,105,114,108,106,105,106,105,106,105,108,105,106,105,109,108,108,111,106,112,106,106,110,113,107,105,103,110,127,105,111,110,105,108,109,106
106,107,111,109,115,134,119,120,108,106,106,107,106,108,107,104,110,112,107,113,134,107,134,109,107,113,114,118,106,113,111,110,111,108,106,107,106,104,108,106,110,108,106,107,114,107,135,112,107,108,115,110,139,107,107,108,105,112,112,107,109,107,109,107,110,106,109,105,106,133,107,113,107,108,107,106,107,112,107,108,129,106,107,107,107,110,133,110,106,107,104,109,110,129,105,108,106,106,105,106,107,112,112,107,107,127,111,106,107,108,110,112,106,109,115,106,106,108,107,106,109,105,105,110,109,109,113,109,108,106,115,110,107,106,107,106,107,108,109,106,108,106,112,109,109,112,107,114,107,107,111,115,108,106,104,111,129,106,112,112,106,109,110,107
107,108,112,110,116,135,120,121,109,107,107,108,109,110,108,105,112,113,108,114,135,111,135,111,108,114,115,119,107,114,112,113,112,109,107,108,109,106,109,109,112,109,109,108,115,108,136,113,108,109,116,111,140,108,109,109,106,113,113,108,112,108,110,108,111,109,110,106,109,134,108,114,108,109,108,107,108,113,108,109,131,107,108,108,108,111,134,111,107,108,106,110,111,131,106,110,107,107,107,109,108,113,115,108,108,129,112,109,108,109,111,113,108,110,116,109,107,110,108,111,110,106,106,111,111,110,114,111,110,107,116,111,108,108,108,107,108,109,110,107,109,107,113,110,110,113,108,116,108,108,113,116,111,108,105,112,131,107,113,113,107,112,111,108
108,109,113,111,117,136,121,122,110,108,108,109,110,111,109,107,113,114,109,115,136,112,136,112,109,116,116,120,108,115,113,114,113,111,108,109,110,108,110,110,113,110,110,109,116,109,137,114,109,110,118,112,141,109,110,112,108,115,114,109,113,110,111,109,112,110,111,107,110,136,109,115,109,110,109,108,109,114,109,110,132,108,109,110,109,113,136,112,108,110,107,112,112,132,107,111,108,108,109,110,109,114,116,109,109,130,113,110,109,110,112,114,110,113,118,110,108,111,110,112,111,107,109,112,112,111,115,112,111,108,117,113,109,109,109,108,109,110,112,109,110,108,114,111,113,114,109,117,109,109,114,117,112,109,106,113,132,108,114,115,109,113,113,109
109,111,114,113,118,137,122,123,111,109,109,110,111,112,111,108,114,116,110,116,137,114,137,114,111,118,117,122,109,116,114,116,115,112,110,110,111,109,112,111,114,112,111,110,117,111,138,115,110,112,120,113,142,110,112,113,110,116,116,110,114,111,113,110,113,112,113,108,111,138,111,116,110,111,111,110,110,115,110,112,133,109,110,111,112,115,138,114,109,111,109,114,113,133,108,112,109,110,111,111,110,116,117,110,110,134,114,111,110,111,113,115,111,114,120,111,109,112,111,113,113,110,110,113,113,112,117,113,112,109,119,114,110,110,110,109,111,111,113,111,111,109,115,112,114,115,111,118,110,110,116,118,113,111,107,114,133,109,115,116,110,114,114,110
110,112,116,114,119,139,123,124,112,110,110,111,112,113,112,109,115,117,111,117,139,115,139,115,112,119,119,123,110,117,115,119,117,113,111,111,112,111,113,112,115,113,112,111,118,112,139,116,111,113,121,115,143,111,113,114,112,117,117,111,115,112,115,111,114,113,114,109,112,140,112,117,111,112,112,111,111,116,111,113,134,110,111,112,113,116,140,115,110,112,110,115,114,134,110,113,110,111,112,112,111,117,118,111,111,135,115,112,111,113,115,116,112,115,121,112,110,113,112,115,114,111,113,114,114,113,118,115,113,111,120,115,111,111,111,110,112,112,114,114,112,110,116,113,115,116,114,119,111,111,117,119,114,112,108,115,134,110,116,117,111,115,115,111
111,114,117,115,121,141,124,126,114,111,111,112,113,114,113,110,116,118,112,118,141,116,141,116,113,120,121,124,111,118,116,121,119,114,112,112,113,112,114,113,116,114,113,112,119,114,140,117,112,115,122,116,144,112,114,115,113,118,118,112,116,113,117,112,115,115,115,110,113,141,113,118,112,113,113,112,112,117,112,114,135,111,112,113,114,117,141,116,111,114,111,116,115,135,112,114,111,112,114,113,112,118,119,112,112,136,116,113,112,115,116,117,115,116,122,113,111,115,113,118,115,112,114,116,118,115,120,117,114,112,121,117,112,112,112,111,113,113,115,115,113,111,117,114,116,117,115,120,112,112,118,120,115,113,110,116,135,111,117,118,115,117,116,112
112,115,118,117,123,143,125,127,116,112,112,114,116,115,115,115,117,120,115,120,143,117,143,117,116,123,122,125,112,119,117,122,120,115,113,113,116,114,115,116,117,115,116,115,120,117,141,118,115,118,124,117,145,115,116,116,115,119,120,115,117,114,118,114,119,117,117,115,116,142,115,120,115,115,115,113,114,118,115,115,136,112,115,114,115,118,142,117,112,116,115,117,117,136,113,116,112,113,115,116,114,120,121,115,114,139,117,116,114,117,117,118,116,119,124,116,112,116,114,119,117,114,115,117,119,117,121,118,115,113,122,118,115,114,115,112,116,114,116,116,114,112,118,115,119,118,116,121,115,115,119,121,117,115,113,117,136,112,118,120,116,118,117,115
114,116,119,118,124,144,126,129,117,114,114,115,117,116,116,116,118,123,116,122,144,118,144,119,117,124,123,127,114,120,118,123,121,116,114,114,117,115,117,117,118,116,117,116,122,119,142,120,116,119,126,120,147,116,117,117,117,122,123,116,120,116,119,115,120,118,118,116,117,144,117,121,116,116,116,114,115,120,116,116,137,114,116,115,118,119,144,120,114,117,117,118,118,137,116,118,114,114,116,117,115,123,123,116,117,140,118,117,115,119,120,120,117,120,126,117,114,117,115,120,120,116,117,118,120,118,122,119,116,117,123,119,116,115,116,114,117,115,117,117,115,114,119,120,120,120,117,122,116,116,120,122,118,116,115,118,137,114,120,121,117,119,118,116
116,118,120,119,125,145,127,130,118,116,116,116,118,118,119,118,119,124,117,124,145,119,145,120,118,125,124,129,116,122,119,124,122,117,117,115,118,117,118,118,121,117,118,117,123,120,144,121,117,120,127,121,150,117,120,118,118,123,124,117,121,117,120,116,121,120,119,118,118,145,118,122,117,117,119,117,116,122,117,117,138,116,117,117,119,120,145,121,116,118,118,119,119,138,117,119,116,117,117,118,117,124,124,117,118,141,119,118,116,120,121,122,119,121,127,118,116,118,117,121,121,117,119,119,121,120,123,120,118,119,124,120,117,118,117,116,118,118,119,119,117,116,120,121,121,122,119,124,117,117,121,123,119,117,116,119,138,116,122,122,118,120,119,117
118,119,123,121,126,146,128,132,119,118,118,121,119,119,121,119,120,125,119,125,146,120,146,121,119,126,125,130,118,123,121,125,124,119,120,116,119,118,120,119,123,120,119,119,124,121,145,122,119,121,128,122,151,119,121,120,120,124,125,119,124,118,121,121,123,121,121,120,119,146,119,123,119,119,121,120,117,123,119,121,139,118,119,118,120,124,146,122,118,120,120,120,120,139,119,120,118,120,120,119,118,125,125,119,120,142,121,119,121,121,122,123,121,122,128,119,118,120,118,122,123,118,120,120,122,122,124,122,119,120,127,121,119,119,119,118,119,120,122,120,120,118,122,122,122,123,121,125,119,119,122,124,120,119,121,120,139,118,123,127,122,122,122,119
120,121,124,122,128,147,131,133,121,120,120,122,120,120,123,120,121,126,121,127,147,123,147,122,120,127,126,133,120,124,122,127,127,122,121,120,120,119,124,120,124,121,120,121,126,123,146,123,121,123,129,124,153,121,123,121,122,126,126,121,125,119,123,122,124,123,122,122,120,147,121,124,121,120,123,121,122,125,121,124,140,120,121,121,121,125,147,124,120,122,121,121,121,140,122,121,120,121,122,120,121,126,126,121,121,143,122,120,122,123,124,125,122,123,129,120,120,121,121,123,125,121,122,122,124,123,125,124,120,121,130,123,121,120,121,120,120,121,123,121,121,120,123,123,123,125,122,126,121,121,123,126,121,123,123,121,140,120,125,128,123,124,124,121
122,122,125,126,130,148,132,135,122,122,122,123,121,121,126,122,122,127,122,129,148,124,148,124,121,128,127,134,122,125,124,128,128,123,122,121,121,120,125,121,125,122,121,122,127,124,147,125,122,127,130,125,154,122,124,123,123,128,127,122,126,120,125,123,126,126,126,123,121,149,122,126,122,121,126,122,123,128,122,126,141,122,122,122,122,129,149,125,122,123,123,124,122,141,123,125,122,122,123,121,122,127,129,122,124,145,124,121,123,124,125,128,124,125,130,121,122,122,122,124,126,122,123,125,125,125,126,125,121,122,131,125,122,121,122,122,121,122,125,122,124,122,124,125,125,128,123,127,122,122,124,129,123,125,124,124,141,122,128,130,124,125,126,122
126,124,128,127,131,149,136,137,123,126,126,125,122,123,127,124,123,129,123,130,149,125,149,126,122,130,129,135,126,127,125,129,129,125,123,122,122,122,126,122,127,124,122,123,129,127,148,126,123,128,131,127,155,123,125,125,124,132,129,123,127,122,128,125,128,127,127,124,122,151,124,128,123,123,127,123,126,129,123,128,142,126,123,123,123,131,151,127,126,125,126,125,124,142,126,127,126,123,125,122,125,129,130,123,126,146,125,122,125,126,127,129,125,126,131,122,126,124,123,126,127,127,125,126,126,126,127,126,123,123,132,126,123,123,123,126,122,124,126,124,126,126,126,128,126,129,124,132,123,123,126,131,124,126,126,125,142,126,129,131,125,128,127,123
127,125,130,129,132,152,138,138,124,127,127,126,125,125,129,125,125,130,125,131,152,129,152,127,123,132,131,136,127,131,126,132,130,127,127,124,125,124,127,125,128,125,125,125,131,128,149,127,125,132,132,129,156,125,126,127,126,133,130,125,128,126,129,126,130,128,129,126,125,152,125,129,125,124,129,127,128,130,125,129,144,127,125,124,126,133,152,128,127,126,129,126,127,144,127,128,127,127,126,125,127,130,131,125,127,148,126,125,126,128,129,130,127,129,132,125,127,125,124,127,131,129,127,130,128,127,129,127,125,125,135,129,125,124,125,127,123,126,128,126,127,127,129,129,129,130,126,133,125,125,128,133,126,127,127,126,144,127,130,133,126,131,128,125
129,127,131,130,133,153,140,139,128,129,129,128,128,130,131,128,126,132,126,134,153,131,153,129,127,134,133,137,129,133,130,133,132,131,128,127,128,127,130,128,129,127,128,126,133,129,150,131,126,133,133,130,157,126,127,128,127,135,132,126,129,127,132,128,131,129,130,128,128,154,127,130,126,125,131,128,129,131,126,130,150,129,126,126,129,134,154,132,129,128,130,127,130,150,130,129,129,128,128,128,130,132,132,126,130,151,130,128,128,129,130,131,128,131,133,128,129,128,126,131,132,130,128,131,129,128,131,128,130,127,138,130,126,126,126,129,127,127,132,128,130,129,131,131,131,131,128,134,126,126,132,135,127,128,128,129,150,129,131,134,127,136,130,126
131,131,132,132,135,154,141,141,130,131,131,132,129,131,133,129,129,133,127,136,154,132,154,131,130,135,134,138,131,135,131,134,133,132,129,130,129,129,133,129,131,128,129,127,134,130,151,133,127,134,135,131,158,127,129,131,129,136,133,127,130,130,134,132,132,133,132,130,129,155,128,133,127,126,133,129,131,132,127,131,152,131,127,128,130,138,155,134,131,131,133,130,133,152,131,131,131,129,132,129,131,133,134,127,132,152,131,129,132,130,131,132,131,132,135,129,131,131,128,132,134,132,129,132,131,131,132,129,131,129,140,133,127,128,127,131,130,131,135,130,132,131,133,132,132,132,131,137,127,127,134,137,131,129,133,132,152,131,132,135,129,137,131,127
133,132,134,133,136,155,143,144,131,133,133,134,131,136,134,132,131,134,132,137,155,134,155,135,133,136,136,140,133,137,133,135,134,135,130,133,131,132,136,131,136,129,131,132,135,133,153,134,132,135,138,133,159,132,133,134,132,137,134,132,132,132,135,134,135,134,133,133,131,156,129,134,132,128,134,130,133,134,132,133,153,133,132,130,132,139,156,135,133,132,134,133,134,153,132,134,133,130,133,131,134,134,135,132,133,153,133,131,134,133,133,134,133,133,138,131,133,133,130,133,135,135,131,135,133,133,134,133,136,131,141,134,132,130,132,133,133,133,136,132,133,133,135,134,133,134,132,138,132,132,135,139,132,132,135,136,153,133,134,137,131,138,134,132
136,133,137,138,137,158,144,146,133,136,136,137,138,138,141,133,133,141,134,140,158,138,158,136,135,140,138,143,136,140,141,137,136,137,133,134,138,136,137,138,138,132,138,134,140,135,154,139,134,140,143,140,160,134,134,137,134,140,141,134,135,136,139,137,139,140,138,136,138,157,131,135,134,129,141,133,135,140,134,136,154,136,134,132,136,140,157,136,136,135,138,135,136,154,137,137,136,133,135,138,136,141,137,134,138,156,141,138,137,135,140,140,136,134,143,138,136,136,132,136,140,138,132,139,136,134,136,138,138,139,144,135,134,132,134,136,135,141,139,133,138,136,140,136,134,140,139,140,134,134,137,142,136,135,137,137,154,136,140,138,133,141,135,134
139,136,143,140,141,159,147,149,140,139,139,139,141,139,142,139,140,142,139,141,159,141,159,140,139,145,139,144,139,141,142,141,138,140,140,140,141,138,138,141,140,142,141,139,144,139,155,140,139,141,144,143,161,139,135,139,136,141,142,139,136,139,142,139,141,141,140,139,141,160,140,138,139,136,142,140,142,141,139,139,158,139,139,134,142,141,160,141,139,139,141,139,140,158,139,142,139,140,136,141,139,142,140,139,140,157,142,141,139,137,143,141,139,140,144,141,139,139,134,139,141,140,137,140,145,136,137,142,139,140,147,137,139,134,139,139,139,142,141,139,140,139,142,141,140,141,140,141,139,139,139,143,140,139,140,139,158,139,141,140,136,142,145,139
141,140,144,142,146,160,149,152,141,141,141,141,142,141,143,140,141,144,140,142,160,142,160,142,141,149,142,152,141,143,145,143,141,141,141,141,142,140,143,142,141,144,142,140,145,141,158,142,140,143,145,146,162,140,143,140,141,142,144,140,140,141,145,141,142,144,142,140,142,161,142,144,140,140,143,141,143,144,140,141,160,141,140,141,144,146,161,143,141,141,142,141,141,160,142,144,141,141,141,142,141,144,141,140,141,158,145,142,141,138,146,144,140,141,145,142,141,140,141,140,143,141,138,142,146,139,140,143,141,141,148,140,140,140,140,141,141,143,144,140,141,141,143,142,141,144,141,145,140,140,141,144,141,140,141,140,160,141,144,142,138,143,146,140
142,141,146,144,147,162,150,156,142,142,142,144,146,142,146,142,144,146,142,143,162,146,162,143,142,150,148,153,142,146,146,144,145,142,142,142,146,142,144,146,142,145,146,142,146,142,160,145,142,144,146,148,164,142,144,142,143,143,146,142,144,142,147,144,143,145,144,141,146,163,145,145,142,143,146,142,144,146,142,142,161,142,142,142,145,147,163,145,142,142,146,142,142,161,143,145,142,142,143,146,144,146,143,142,142,159,146,146,144,144,148,146,141,143,146,146,142,141,142,142,145,142,142,144,147,147,144,145,142,142,149,142,142,142,142,142,142,145,145,142,142,142,145,143,143,146,142,147,142,142,143,145,144,144,143,145,161,142,146,144,144,145,147,142
143,143,148,145,149,165,153,161,143,143,143,145,147,143,148,143,145,147,143,146,165,147,165,146,143,151,149,156,143,148,147,148,147,145,143,143,147,143,145,147,144,148,147,143,150,143,163,149,143,145,151,150,168,143,145,143,145,146,147,143,146,143,148,145,145,148,145,143,147,165,147,148,143,144,148,143,145,147,143,143,165,143,143,143,147,148,165,149,143,143,147,143,146,165,144,148,143,143,145,147,145,147,144,143,145,162,147,147,145,146,150,147,143,147,151,147,143,143,143,143,148,145,144,146,148,148,145,147,143,147,151,145,143,143,143,143,143,147,148,143,145,143,147,144,147,147,147,148,143,143,145,148,145,145,145,147,165,143,147,149,145,146,148,143
146,144,149,146,152,168,160,162,145,146,146,147,149,144,152,146,146,151,146,147,168,149,168,147,146,153,154,157,146,150,150,153,149,153,145,145,149,144,147,149,151,150,149,146,152,146,165,150,146,146,152,151,169,146,147,145,146,150,151,146,151,146,153,147,147,153,146,144,149,170,149,149,146,148,152,145,146,148,146,146,167,146,146,144,148,150,170,150,146,149,149,144,148,167,145,149,146,145,146,149,146,151,148,146,146,163,150,149,147,149,151,148,144,148,152,149,146,145,144,144,150,146,145,148,151,153,147,148,144,150,153,147,146,144,146,146,146,149,149,144,146,146,151,149,148,148,150,149,146,146,151,149,146,146,148,149,167,146,148,150,147,148,149,146
148,145,150,152,153,169,162,165,152,148,148,149,152,148,153,147,148,153,147,151,169,152,169,149,148,154,155,159,148,154,153,154,150,155,152,152,152,147,148,152,153,152,152,147,153,148,168,152,147,147,157,152,174,147,149,147,149,152,153,147,153,147,154,149,149,155,152,149,152,171,151,150,147,149,153,152,147,150,147,148,168,148,147,147,149,151,171,152,148,150,152,146,151,168,146,150,148,152,148,152,147,153,150,147,150,164,153,152,149,150,152,150,149,149,157,152,148,149,147,149,153,150,152,150,152,154,148,150,148,152,156,149,147,147,147,148,148,152,151,149,150,148,152,151,149,150,152,152,147,147,154,152,148,150,150,151,168,148,150,151,149,150,150,147
150,147,155,153,156,172,164,166,153,150,150,150,153,149,155,153,149,154,153,152,172,153,172,150,150,155,156,160,150,155,156,155,157,156,153,153,153,148,149,153,155,153,153,153,154,150,176,155,153,149,161,153,175,153,152,148,151,155,154,153,155,152,156,150,150,158,153,150,153,173,153,153,153,150,155,153,148,152,153,150,170,150,153,148,152,154,173,154,150,154,153,151,153,170,147,151,150,153,151,153,152,154,153,153,151,165,156,153,150,151,153,152,150,150,161,153,150,150,148,153,155,151,153,153,155,155,150,151,149,153,157,151,153,148,153,150,150,154,155,150,151,150,156,152,150,152,153,155,153,153,156,154,149,152,151,153,170,150,152,153,150,151,151,153
151,155,157,155,157,176,166,167,155,151,151,151,155,155,156,154,153,155,154,155,176,155,176,151,151,156,158,162,151,156,157,156,159,159,155,155,155,149,151,155,157,155,155,154,156,151,177,156,154,154,162,155,176,154,153,153,152,159,155,154,158,153,157,151,154,159,155,152,155,178,154,155,154,152,156,155,149,153,154,151,172,151,154,150,156,155,178,160,151,155,155,152,156,172,150,152,151,155,152,155,154,155,156,154,157,168,157,155,151,153,155,153,154,152,162,155,151,151,150,154,156,157,155,154,156,156,152,152,155,154,158,152,154,150,154,151,151,155,156,152,157,151,158,153,152,153,154,156,154,154,157,156,153,153,152,154,172,151,153,155,152,153,152,154
153,157,158,158,158,178,169,170,157,153,153,153,157,157,158,155,157,159,155,159,178,157,178,157,153,158,159,165,153,157,159,159,160,160,157,157,157,154,154,157,158,159,157,155,158,153,179,157,155,155,163,160,179,155,154,157,153,162,159,155,163,156,158,153,161,160,158,154,157,180,155,158,155,153,158,157,153,160,155,153,175,153,155,157,158,159,180,163,153,157,157,158,159,175,154,153,153,157,156,157,158,159,158,155,158,169,159,157,153,157,160,160,156,154,163,157,153,155,157,155,159,158,157,157,158,158,153,155,157,155,159,158,155,152,155,153,153,156,161,158,158,153,159,157,154,160,155,159,155,155,159,157,157,156,154,160,175,153,160,156,154,154,157,155
158,160,159,161,159,180,170,171,158,158,158,156,159,159,164,157,160,161,157,163,180,159,180,162,158,160,161,168,158,159,163,162,161,161,158,158,159,157,157,159,161,160,159,157,163,158,180,158,157,157,164,164,182,157,155,160,161,163,161,157,167,157,161,156,162,168,161,156,159,182,156,161,157,154,164,158,155,162,157,158,178,158,157,160,160,160,182,167,158,158,159,159,161,178,155,158,158,158,159,159,161,161,160,157,160,172,163,159,156,158,164,162,160,156,164,159,158,158,160,157,161,160,160,158,161,159,155,156,159,156,162,160,157,153,157,158,158,157,162,159,160,158,162,158,156,162,156,162,157,157,160,158,160,159,160,164,178,158,162,162,156,162,159,157
159,164,163,162,166,182,173,175,161,159,159,161,164,160,168,158,161,162,158,165,182,164,182,163,159,165,166,169,159,160,165,164,162,163,161,161,164,158,158,164,163,161,164,158,166,159,182,160,158,158,167,165,183,158,156,161,163,167,162,158,168,158,164,161,163,169,162,160,164,183,160,166,158,158,168,161,156,163,158,159,179,159,158,161,162,161,183,173,159,159,164,162,163,179,160,159,159,161,160,164,164,162,161,158,161,173,165,164,161,160,165,163,162,163,167,164,159,163,161,166,162,161,162,160,164,163,158,160,160,158,165,162,158,158,158,159,159,159,164,161,161,159,166,161,163,163,158,163,158,158,161,160,161,160,161,165,179,159,163,163,158,164,160,158
166,165,169,167,168,183,174,176,162,166,166,166,166,163,169,159,164,165,159,166,183,166,183,164,166,169,169,170,166,161,166,165,164,165,162,162,166,159,159,166,164,162,166,159,167,166,183,165,159,162,168,167,185,159,160,162,165,169,165,159,170,159,165,166,166,170,167,161,166,185,161,170,159,163,169,162,161,169,159,166,180,166,159,166,163,166,185,174,166,160,166,164,164,180,161,160,166,162,163,166,166,165,163,159,165,174,166,166,166,164,167,169,163,165,168,166,166,164,166,170,163,165,164,164,167,165,161,161,163,161,166,164,159,160,159,166,166,161,169,162,165,166,169,163,165,169,161,167,159,159,164,161,164,162,165,166,180,166,169,166,163,165,168,159
168,166,172,168,172,187,175,177,166,168,168,167,167,165,171,161,167,167,161,168,187,167,187,172,168,170,175,172,168,163,167,167,167,168,166,166,167,161,165,167,166,163,167,161,169,168,184,168,161,164,169,168,187,161,173,164,170,171,167,161,171,165,168,167,168,171,168,163,167,188,165,171,161,166,171,166,168,170,161,168,183,168,161,170,167,170,188,175,168,166,167,167,165,183,165,166,168,166,165,167,168,167,164,161,167,178,167,167,167,165,168,170,167,167,169,167,168,165,170,171,168,167,165,166,168,173,163,165,165,170,167,167,161,165,161,168,168,168,172,166,167,168,170,166,167,170,170,168,161,161,166,163,167,171,170,167,183,168,170,168,165,167,169,161
169,167,173,169,173,188,177,180,171,169,169,171,172,166,172,165,168,168,165,171,188,172,188,173,169,175,177,175,169,165,168,169,172,172,171,171,172,170,171,172,169,165,172,165,170,169,187,174,165,166,171,169,189,165,174,169,171,173,168,165,173,171,169,171,171,172,169,167,172,189,172,172,165,167,172,171,169,171,165,169,186,169,165,171,168,177,189,176,169,167,172,169,170,186,166,167,169,171,170,172,169,168,166,165,168,179,168,172,171,168,169,171,168,169,171,172,169,168,171,172,170,168,167,167,171,176,166,166,166,171,169,171,165,171,165,169,169,169,174,167,168,169,174,171,169,171,171,173,165,165,168,166,168,172,171,171,186,169,171,176,166,170,170,165
176,170,174,172,176,189,182,181,172,176,176,172,174,168,173,169,177,170,169,175,189,174,189,177,176,176,178,183,176,170,171,176,173,176,172,172,174,171,173,174,170,172,174,169,176,176,190,175,169,168,172,171,192,169,175,173,173,174,170,169,176,174,171,172,174,175,172,168,174,192,173,173,169,169,173,172,175,174,169,176,188,176,169,172,170,178,192,177,176,174,174,173,173,188,167,172,176,172,173,174,174,170,169,169,170,180,171,174,172,173,171,174,173,176,172,174,176,169,172,174,171,170,177,171,181,177,171,169,168,174,174,174,169,172,169,176,176,171,175,170,170,176,176,177,176,174,174,175,169,169,169,169,177,174,172,173,188,176,174,177,170,171,174,169
177,171,178,174,179,193,185,183,173,177,177,173,176,170,174,173,179,172,173,176,193,176,193,178,177,180,179,185,177,171,172,177,176,177,173,173,176,174,176,176,173,175,176,173,178,177,192,176,173,170,181,174,197,173,179,176,174,175,172,173,177,175,175,173,175,177,174,172,176,193,175,177,173,170,174,173,176,177,173,177,194,177,173,175,171,179,193,179,177,177,176,180,175,194,168,176,177,173,174,176,176,172,170,173,175,181,172,176,173,174,174,177,177,179,181,176,177,171,175,177,175,175,178,172,183,179,172,170,170,180,175,176,173,174,173,177,177,172,176,173,175,177,177,178,179,177,180,176,173,173,174,175,179,175,175,174,194,177,177,178,173,176,181,173
179,173,180,175,182,198,190,184,174,179,179,175,179,172,177,179,180,173,179,177,198,179,198,179,179,181,180,189,179,172,174,178,177,179,174,174,179,178,179,179,178,178,179,179,183,179,195,180,179,174,182,178,199,179,182,180,179,176,173,179,181,176,176,175,176,178,175,173,179,198,177,178,179,173,177,174,180,180,179,179,196,179,179,178,174,182,198,181,179,179,179,182,178,196,178,179,179,174,175,179,177,173,172,179,176,184,174,179,175,176,178,180,180,181,182,179,179,174,178,178,179,176,181,176,184,180,175,177,172,183,184,177,179,175,179,179,179,175,178,177,176,179,178,179,181,180,183,177,179,179,175,177,180,177,179,176,196,179,180,179,176,185,182,179
180,174,187,178,183,200,191,185,176,180,180,183,182,175,178,184,183,179,184,183,200,182,200,181,180,183,181,190,180,174,175,186,180,181,176,176,182,180,181,182,184,179,182,184,189,180,200,182,184,175,184,179,202,184,183,184,180,180,179,184,182,180,183,183,178,179,178,175,182,202,178,179,184,177,178,176,182,184,184,180,199,180,184,182,178,185,202,183,180,180,182,183,188,199,181,180,180,176,176,182,178,179,174,184,182,185,175,182,183,181,179,184,182,183,184,182,180,176,182,179,180,182,182,177,186,181,178,178,175,186,185,180,184,183,184,180,180,176,181,178,182,180,179,180,183,184,186,180,184,184,176,179,183,178,181,177,199,180,184,180,177,188,183,184
182,175,189,182,186,202,196,188,177,182,182,185,183,180,180,185,184,184,185,186,202,183,202,182,182,184,182,191,182,175,180,187,183,184,177,177,183,182,183,183,187,181,183,185,190,182,203,185,185,182,186,183,203,185,185,187,182,188,184,185,183,187,184,185,179,181,182,180,183,204,180,190,185,183,180,177,183,185,185,182,201,182,185,183,182,190,204,184,182,182,183,185,189,201,186,181,182,177,177,183,181,184,175,185,183,190,180,183,185,183,183,185,183,186,186,183,182,178,183,181,183,183,183,181,187,183,179,179,180,187,188,183,185,184,185,182,182,178,183,183,183,182,182,182,186,185,187,184,185,185,186,181,184,180,182,178,201,182,185,186,182,190,186,185
184,185,192,186,187,206,199,199,181,184,184,186,184,182,182,189,186,191,189,190,206,184,206,185,184,185,183,194,184,176,182,188,186,185,181,181,184,184,186,184,188,183,184,189,192,184,205,189,189,183,188,184,206,189,186,191,183,194,191,189,186,191,186,186,186,186,186,185,184,206,182,191,189,184,182,181,194,188,189,184,202,184,189,184,183,191,206,186,184,183,184,189,190,202,196,183,184,181,180,184,182,191,176,189,186,192,182,184,186,185,184,188,186,187,188,184,184,179,184,183,184,186,185,190,195,184,186,181,182,188,193,184,189,186,189,184,184,180,184,192,186,184,183,189,187,188,188,186,189,189,188,185,186,181,183,179,202,184,188,188,184,194,189,189
187,188,193,193,188,207,200,202,184,187,187,187,186,185,183,192,194,193,192,192,207,186,207,189,187,187,185,195,187,184,186,189,189,188,184,184,186,186,189,186,192,185,186,192,197,187,206,190,192,194,189,195,208,192,191,192,184,198,193,192,188,198,190,187,189,189,193,186,186,207,184,193,192,186,183,184,195,190,192,187,206,187,192,194,184,196,207,190,187,184,186,191,193,206,197,190,187,184,195,186,191,193,184,192,188,197,186,186,187,188,195,190,191,188,189,186,187,188,194,185,190,188,188,191,196,187,187,186,185,191,195,192,192,189,192,187,187,184,188,193,188,187,184,191,188,190,191,187,192,192,189,186,194,182,185,181,206,187,190,190,187,195,190,192
190,197,201,195,189,208,201,203,190,190,190,190,189,189,189,194,200,197,194,198,208,189,208,190,190,193,186,198,190,186,189,190,193,189,190,190,189,194,194,189,195,193,189,194,198,190,208,192,194,197,190,201,213,194,192,193,195,200,197,194,190,202,193,190,200,194,195,191,189,209,191,194,194,189,189,190,197,193,194,190,207,190,194,199,193,197,209,198,190,191,189,192,194,207,198,194,190,190,196,189,193,197,190,194,191,199,189,189,190,192,201,193,192,191,190,189,190,190,199,186,193,191,189,193,203,189,190,202,189,192,198,194,194,191,194,190,190,186,189,195,191,190,192,193,191,193,192,193,194,194,190,190,200,193,187,184,207,190,193,192,188,196,192,194
195,203,205,204,190,214,203,208,196,195,195,193,195,192,192,195,202,204,195,201,214,195,214,202,195,194,193,201,195,193,199,196,198,197,196,196,195,205,200,195,196,195,195,195,202,195,209,194,195,201,193,202,214,195,194,195,196,202,204,195,197,203,197,193,202,196,204,192,195,213,192,197,195,192,192,196,198,195,195,195,208,195,195,203,194,199,213,202,195,195,195,200,199,208,200,195,195,196,202,195,194,204,195,195,193,200,199,195,193,194,202,195,195,193,193,195,195,193,203,193,200,193,192,197,207,194,197,207,192,195,200,196,195,192,195,195,195,190,194,196,193,195,194,196,193,195,195,194,195,195,193,192,202,195,189,197,208,195,195,197,192,197,201,195
201,204,206,205,192,215,214,210,201,201,201,203,198,199,195,197,205,206,197,207,215,198,215,203,201,198,198,203,201,194,200,197,201,198,201,201,198,207,201,198,197,202,198,197,207,201,212,197,197,208,196,206,219,197,205,198,199,203,206,197,198,205,198,203,205,198,205,196,198,214,201,199,197,201,195,201,199,198,197,201,209,201,197,204,198,201,214,203,201,201,198,203,200,209,201,202,201,201,204,198,199,206,200,197,198,201,200,198,203,200,206,198,198,200,196,198,201,196,204,197,202,198,201,199,212,195,198,208,199,207,205,207,197,209,197,201,201,198,195,207,198,201,195,201,200,198,207,197,197,197,198,195,205,197,208,203,209,201,198,198,196,200,203,197
206,206,208,207,201,217,216,211,204,206,206,207,204,206,197,208,207,209,208,208,217,204,217,206,206,199,199,209,206,195,205,200,202,202,204,204,204,209,206,204,201,203,204,208,211,206,214,200,208,215,200,207,221,208,207,199,203,205,209,208,203,206,199,207,208,206,207,198,204,216,204,202,208,203,197,204,201,206,208,206,210,206,208,205,206,202,216,204,206,207,204,205,201,210,207,205,206,204,209,204,202,209,206,208,199,203,205,204,207,201,207,206,205,202,200,204,206,202,205,199,212,199,204,202,214,197,201,212,206,208,206,209,208,211,208,206,206,200,202,210,199,206,201,204,202,206,208,202,208,208,201,197,207,201,212,204,210,206,206,201,206,203,205,208
210,208,209,208,202,219,218,219,206,210,210,208,207,210,200,209,208,215,209,212,219,207,219,208,210,214,214,214,210,204,206,202,208,203,206,206,207,211,212,207,202,206,207,209,213,210,216,206,209,217,202,213,223,209,211,203,209,207,215,209,210,208,201,208,217,207,208,210,207,219,208,203,209,207,200,206,202,207,209,210,211,210,209,207,210,206,219,205,210,208,207,209,202,211,215,206,210,206,211,207,214,215,207,209,207,205,206,207,208,202,213,207,207,206,202,207,210,206,207,202,215,207,206,203,215,207,202,215,210,210,209,210,209,212,209,210,210,204,203,212,207,210,204,208,206,207,210,212,209,209,207,201,208,205,219,211,211,210,207,219,211,205,210,209
213,216,210,214,210,224,219,220,209,213,213,212,209,218,202,214,210,217,214,215,224,209,224,220,213,215,216,215,213,207,207,219,210,205,209,209,209,214,214,209,205,207,209,214,216,213,223,209,214,218,204,218,224,214,213,214,212,210,217,214,213,211,202,212,219,215,214,213,209,227,210,206,214,209,202,209,203,209,214,213,214,213,214,208,212,207,227,207,213,210,209,210,212,214,220,210,213,209,219,209,215,217,208,214,212,208,207,209,212,203,218,209,209,208,204,209,213,212,208,207,220,212,209,207,216,215,205,219,218,214,210,211,214,213,214,213,213,210,205,213,212,213,209,209,208,209,214,213,214,214,208,206,210,211,223,223,214,213,209,223,213,207,212,214
217,220,212,220,211,227,221,221,211,217,217,215,212,220,209,222,211,219,222,217,227,212,227,223,217,218,218,217,217,208,209,224,222,215,211,211,212,220,217,212,212,210,212,222,219,217,226,211,222,221,206,219,226,222,215,219,223,215,219,222,219,215,213,215,221,217,220,217,212,229,213,216,222,210,209,211,213,211,222,217,216,217,222,211,215,213,229,212,217,217,212,222,226,216,222,218,217,211,223,212,216,219,209,222,223,209,209,212,215,212,219,211,214,209,206,212,217,214,211,212,229,223,221,213,217,217,207,220,220,218,215,213,222,221,222,217,217,217,209,220,223,217,211,211,209,211,218,214,222,222,212,208,211,218,225,229,216,217,211,227,217,208,221,222
219,223,215,226,220,229,223,227,219,219,219,220,217,221,217,227,217,220,227,220,229,217,229,224,219,220,220,222,219,212,222,225,227,217,219,219,217,221,218,217,217,218,217,227,221,219,227,221,227,223,210,220,232,227,222,228,225,218,220,227,223,217,223,220,222,221,226,223,217,235,215,220,227,212,217,219,214,219,227,219,225,219,227,214,219,218,235,213,219,218,217,223,230,225,225,224,219,219,228,217,217,220,216,227,225,212,222,217,220,214,220,219,218,214,210,217,219,225,214,214,232,225,223,214,222,220,214,224,221,220,219,218,227,222,227,219,219,223,217,224,225,219,222,217,214,219,220,220,227,227,218,212,217,225,226,234,225,219,219,229,223,214,223,227
224,224,229,229,226,232,229,228,223,224,224,221,219,222,221,232,218,225,232,225,232,219,232,237,224,225,228,224,224,220,224,226,238,226,223,223,219,224,228,219,218,223,219,232,226,224,228,224,232,229,213,221,233,232,224,235,227,224,225,232,229,226,228,221,225,222,229,224,219,236,223,221,232,213,221,223,221,221,232,224,230,224,232,221,224,220,236,214,224,229,219,236,239,230,228,235,224,223,233,219,231,225,218,232,227,216,224,219,221,221,221,221,219,218,213,219,224,228,221,215,233,227,224,221,228,222,216,225,222,224,225,221,232,223,232,224,224,224,218,226,227,224,228,219,218,221,224,221,232,232,224,220,218,232,231,242,230,224,221,233,227,218,226,232
234,233,231,230,229,234,232,235,234,234,234,224,228,223,231,235,229,228,235,228,234,228,234,238,234,228,244,225,234,222,226,229,240,231,234,234,228,227,238,228,231,235,228,235,234,234,229,242,235,230,216,224,234,235,225,237,233,229,228,235,234,237,229,224,233,223,230,229,228,238,224,222,235,220,231,234,226,235,235,234,233,234,235,224,233,227,238,221,234,232,228,243,240,233,234,238,234,234,248,228,234,228,219,235,235,226,226,228,224,225,224,235,224,219,216,228,234,229,224,220,239,235,233,227,245,235,231,235,223,227,237,225,235,229,235,234,234,228,219,237,235,234,232,233,219,235,227,227,235,235,228,221,229,247,234,249,233,234,235,235,233,220,235,235
237,236,245,235,236,239,239,239,235,237,237,229,229,226,242,242,231,237,242,239,239,229,239,249,237,229,248,229,237,226,237,238,245,239,235,235,229,234,239,229,237,246,229,242,241,237,230,243,242,248,222,229,238,242,244,241,236,230,237,242,237,243,236,229,234,227,235,237,229,241,231,236,242,221,242,235,233,246,242,237,234,237,242,229,236,230,241,239,237,234,229,244,243,234,238,242,237,235,250,229,241,237,222,242,247,230,237,229,229,229,229,246,236,229,222,229,237,231,229,222,246,247,244,229,248,242,239,237,226,238,239,232,242,240,242,237,237,241,221,238,247,237,245,245,229,246,238,229,242,242,229,223,231,250,235,253,234,237,246,238,242,236,239,242
242,240,247,240,237,243,252,246,237,242,242,233,231,231,246,245,233,238,245,245,243,231,243,253,242,230,250,230,242,228,240,249,247,248,237,237,231,237,249,231,238,247,231,245,247,242,241,248,245,255,223,234,242,245,250,242,245,233,238,245,243,247,244,233,235,244,240,240,231,246,246,248,245,234,246,237,248,247,245,242,237,242,245,238,244,240,246,242,242,240,231,251,248,237,253,244,242,237,253,231,243,238,228,245,248,233,240,231,233,231,234,247,246,248,223,231,242,242,238,228,248,248,248,231,250,251,246,244,231,246,252,240,245,242,245,242,242,246,222,242,248,242,249,249,248,247,246,240,245,245,230,226,233,253,237,254,237,242,247,242,249,238,242,245
249,243,253,244,241,247,253,253,250,249,249,242,232,232,251,252,234,248,252,246,247,232,247,255,249,254,253,248,249,234,248,250,253,255,250,250,232,238,251,232,241,248,232,252,251,249,242,255,252,256,224,243,247,252,252,253,253,235,248,252,246,256,248,242,242,249,244,243,232,250,250,249,252,238,251,250,255,250,252,249,240,249,252,242,245,244,250,244,249,244,232,252,249,240,255,248,249,250,254,232,245,248,232,252,253,237,248,232,242,242,243,250,250,250,224,232,249,244,242,244,253,253,253,242,253,252,248,251,232,251,258,248,252,245,252,249,249,247,225,246,253,249,250,253,250,250,251,244,252,252,232,233,234,256,240,255,240,249,250,243,250,241,247,252
252,255,254,245,244,250,257,254,252,252,252,243,234,235,256,254,236,253,254,248,250,234,250,256,252,257,254,257,252,243,256,253,254,256,252,252,234,250,255,234,244,250,234,254,252,252,247,257,254,257,227,252,249,254,254,255,254,244,253,254,249,257,253,243,246,252,245,245,234,252,252,254,254,240,256,252,256,254,254,252,245,252,254,250,246,247,252,249,252,245,234,253,256,245,256,255,252,252,256,234,247,253,237,254,254,238,256,234,243,249,252,254,251,255,227,234,252,250,250,255,256,254,254,244,254,253,251,252,235,256,261,250,254,246,254,252,252,251,226,249,254,252,251,254,255,254,256,245,254,254,239,235,236,258,241,256,245,252,254,246,255,242,249,254
254,261,255,246,245,252,260,255,255,254,254,244,243,236,258,256,239,255,256,253,252,243,252,264,254,259,255,260,254,247,263,257,255,257,255,255,243,256,257,243,245,253,243,256,253,254,254,258,256,258,245,253,250,256,256,262,255,246,255,256,251,261,258,244,250,258,246,246,243,255,253,257,256,243,258,255,260,255,256,254,250,254,256,252,248,255,255,250,254,250,243,256,259,250,258,264,254,255,257,243,254,255,247,256,255,244,263,243,244,252,253,255,252,256,245,243,254,253,252,257,260,255,255,245,255,255,252,253,236,257,263,253,256,251,256,254,254,253,229,251,255,254,253,255,256,255,257,246,256,256,245,239,239,266,242,257,250,254,255,252,258,244,251,256
255,262,257,250,247,254,266,257,257,255,255,245,244,242,260,257,243,258,257,255,254,244,254,266,255,260,256,264,255,252,265,262,256,259,257,257,244,258,263,244,246,254,244,257,257,255,255,259,257,259,252,260,252,257,257,265,256,247,258,257,254,262,261,245,251,259,250,248,244,257,256,258,257,245,260,257,261,256,257,255,259,255,257,254,250,263,257,252,255,254,244,260,261,259,261,267,255,257,258,244,256,258,251,257,256,247,265,244,245,255,260,256,253,260,252,244,255,254,254,258,263,256,256,250,256,265,253,254,242,258,264,254,257,252,257,255,255,254,249,255,256,255,256,256,260,256,258,249,257,257,247,254,243,267,243,263,259,255,256,256,262,248,253,257
256,263,258,252,255,258,272,259,260,256,256,248,249,252,261,258,252,259,258,257,258,249,258,267,256,261,257,265,256,260,266,264,257,263,260,260,249,264,264,249,247,256,249,258,259,256,258,261,258,262,253,264,255,258,258,267,257,250,259,258,255,263,263,248,257,260,252,249,249,258,259,260,258,247,261,260,262,257,258,256,268,256,258,255,254,268,258,253,256,255,249,261,265,268,263,270,256,260,261,249,259,259,254,258,257,248,266,249,248,262,264,257,254,261,253,249,256,255,255,261,264,257,257,254,257,266,254,256,252,260,265,255,258,256,258,256,256,255,256,260,257,256,258,257,261,257,260,250,258,258,248,255,252,268,249,264,268,256,257,260,264,250,254,258
257,265,259,253,258,267,275,261,261,257,257,249,253,259,262,264,253,260,264,259,267,253,267,268,257,262,259,269,257,265,267,266,269,267,261,261,253,265,265,253,261,257,253,264,260,257,267,263,264,265,254,265,273,264,262,268,264,252,260,264,259,264,266,249,259,262,253,250,253,271,260,261,264,256,262,261,267,261,264,257,269,257,264,262,264,270,271,254,257,257,253,262,274,269,264,277,257,261,263,253,260,260,263,264,259,252,267,253,249,268,265,261,255,262,254,253,257,259,262,262,265,259,259,266,264,267,255,258,259,261,270,257,264,259,264,257,257,259,257,261,259,257,261,258,262,261,261,259,264,264,251,262,253,269,254,268,269,257,261,262,265,255,255,264
259,266,261,254,261,272,278,266,262,259,259,254,265,265,265,265,254,261,265,264,272,265,272,270,259,267,266,270,259,267,269,267,273,268,262,262,265,268,266,265,264,262,265,265,261,259,272,264,265,266,255,268,278,265,275,270,265,261,261,265,262,265,274,254,261,264,254,252,265,279,261,264,265,261,265,262,268,263,265,259,274,259,265,265,270,272,279,264,259,261,265,263,275,274,265,278,259,262,265,265,264,261,268,265,263,257,269,265,254,271,268,263,259,264,255,265,259,260,265,263,267,263,269,267,267,268,260,259,265,262,276,261,265,260,265,259,259,265,262,262,263,259,263,266,264,263,262,264,265,265,253,264,254,270,263,269,274,259,263,264,267,261,259,265
260,267,270,260,265,277,279,269,264,260,260,264,268,267,267,273,265,263,273,270,277,268,277,271,260,269,267,271,260,268,270,269,274,269,264,264,268,269,270,268,265,263,268,273,265,260,274,265,273,270,262,269,281,273,277,271,269,262,263,273,264,266,275,264,265,265,260,254,268,281,262,265,273,268,267,264,270,267,273,260,281,260,273,268,274,273,281,269,260,263,268,264,276,281,266,280,260,264,273,268,269,263,270,273,266,267,270,268,264,278,269,267,266,265,262,268,260,269,268,266,269,266,272,268,268,269,281,263,267,265,278,264,273,261,273,260,260,269,269,264,266,260,266,269,265,267,265,266,273,273,267,265,265,273,269,271,281,260,267,268,268,264,265,273
265,271,272,265,268,284,281,272,266,265,265,266,269,271,268,276,269,264,276,271,284,269,284,272,265,270,272,272,265,269,271,272,276,270,266,266,269,270,275,269,271,264,269,276,266,265,275,266,276,276,264,270,283,276,281,272,274,266,264,276,268,272,278,266,268,275,265,258,269,283,263,267,276,269,268,266,278,273,276,265,290,265,276,272,279,274,283,270,265,265,269,265,278,290,267,281,265,266,276,269,277,264,272,276,271,268,271,269,266,280,270,273,268,269,264,269,265,270,272,268,272,271,274,269,276,270,283,268,271,271,287,269,276,266,276,265,265,277,271,265,271,265,267,274,269,273,271,271,276,276,268,268,269,278,271,273,290,265,273,270,269,268,268,276
267,275,273,277,271,292,283,277,269,267,267,273,272,273,273,285,271,266,285,273,292,272,292,277,267,275,273,274,267,276,272,278,280,285,269,269,272,271,277,272,274,270,272,285,282,267,278,275,285,277,279,273,288,285,282,275,275,271,266,285,271,276,279,273,269,277,277,268,272,288,269,281,285,270,273,269,287,276,285,267,291,267,285,275,280,275,288,271,267,268,272,269,279,291,269,283,267,269,278,272,282,266,276,285,278,276,272,272,273,283,273,276,269,273,279,272,267,276,275,270,277,278,281,270,280,278,285,272,273,272,288,270,285,268,285,267,267,279,273,267,278,267,268,277,273,276,272,277,285,285,270,276,271,279,274,277,291,267,276,274,271,270,269,285
280,276,278,280,280,293,295,278,284,280,280,277,275,277,275,287,278,269,287,275,293,275,293,278,280,277,280,275,280,280,273,280,287,287,284,284,275,272,285,275,276,271,275,287,285,280,286,276,287,284,283,277,290,287,283,277,278,273,269,287,279,287,280,277,274,280,280,273,275,295,272,286,287,271,275,284,289,287,287,280,293,280,287,276,283,278,295,275,280,270,275,273,280,293,272,285,280,284,279,275,285,269,280,287,285,281,273,275,277,284,277,287,273,277,283,275,280,282,276,272,287,285,284,273,281,284,290,273,277,276,290,271,287,269,287,280,280,281,278,276,285,280,270,280,277,287,276,279,287,287,280,277,278,282,279,280,293,280,287,281,273,274,270,287
287,280,289,281,281,296,296,279,291,287,287,287,276,278,278,291,284,275,291,280,296,276,296,287,287,280,286,277,287,282,286,282,289,289,291,291,276,278,288,276,278,276,276,291,286,287,288,282,291,289,287,278,297,291,286,278,279,281,275,291,282,291,281,287,276,281,281,289,276,297,275,289,291,280,278,291,290,292,291,287,295,287,291,277,288,280,297,284,287,291,276,277,281,295,273,288,287,291,281,276,287,275,281,291,290,283,286,276,287,285,278,292,281,279,287,276,287,287,277,277,288,290,285,276,284,285,295,279,278,277,293,276,291,280,291,287,287,289,281,280,290,287,275,281,279,292,277,280,291,291,281,283,284,284,284,284,295,287,292,283,275,276,277,291
290,290,297,282,288,299,302,284,294,290,290,288,280,284,285,297,286,281,297,282,299,280,299,288,290,290,293,278,290,284,287,289,293,297,294,294,280,279,291,280,283,277,280,297,287,290,289,284,297,290,291,286,305,297,292,290,290,287,281,297,287,296,285,288,282,293,282,291,280,299,277,294,297,286,285,294,292,294,297,290,297,290,297,284,292,283,299,292,290,299,280,290,282,297,277,292,290,294,290,280,293,281,286,297,302,289,287,280,288,286,286,294,285,295,291,280,290,293,284,280,290,302,290,279,290,288,299,280,284,301,296,290,297,281,297,290,290,290,298,288,302,290,293,290,295,294,301,288,297,297,289,287,286,286,286,298,297,290,294,290,282,292,278,297
309,303,308,287,292,313,304,285,299,309,309,290,287,297,295,299,288,294,299,286,313,287,313,299,309,294,301,281,309,291,289,294,303,299,299,299,287,286,303,287,287,290,287,299,300,309,301,292,299,291,293,287,307,299,296,299,299,292,294,299,295,308,288,290,309,300,287,309,287,300,297,299,299,289,295,299,300,298,299,309,301,309,299,289,296,284,300,317,309,301,287,291,287,301,286,297,309,299,300,287,307,294,289,299,308,293,289,287,290,287,287,298,289,297,293,287,309,297,289,281,306,308,293,300,291,295,309,284,297,302,307,300,299,301,299,309,309,302,302,292,308,309,300,292,297,298,302,294,299,299,292,296,288,291,290,302,301,309,298,298,284,302,280,299
312,314,312,298,303,314,308,295,308,312,312,304,292,302,302,307,291,297,307,287,314,292,314,318,312,295,313,293,312,293,295,297,308,306,308,308,292,288,304,292,289,295,292,307,311,312,314,300,307,296,294,300,308,307,297,301,304,298,297,307,301,314,301,304,315,301,298,312,292,303,302,313,307,300,302,308,302,308,307,312,302,312,307,293,300,297,303,319,312,304,292,299,298,302,297,300,312,308,303,292,311,297,300,307,316,296,295,292,304,290,300,308,291,298,294,292,312,300,293,298,309,316,299,303,292,302,312,286,302,312,309,303,307,302,307,312,312,303,304,299,316,312,307,298,298,308,312,301,307,307,299,300,291,296,294,304,302,312,308,309,289,303,291,307
314,318,314,310,309,318,310,296,325,314,314,312,297,314,311,314,310,302,314,301,318,297,318,319,314,301,314,297,314,309,308,308,309,322,325,325,297,319,315,297,303,313,297,314,320,314,327,302,314,312,309,308,309,314,299,313,308,310,302,314,309,316,303,312,322,308,310,316,297,308,320,315,314,322,311,325,304,312,314,314,307,314,314,298,317,304,308,324,314,320,297,308,310,307,303,319,314,325,309,297,318,302,303,314,320,300,308,297,312,293,308,312,298,310,309,297,314,304,298,302,312,320,310,304,301,313,317,297,314,315,312,310,314,311,314,314,314,312,311,310,320,314,308,310,310,312,315,320,314,314,310,304,310,311,312,307,307,314,312,310,295,304,316,314
316,330,318,323,328,323,311,299,326,316,316,316,298,333,329,320,313,324,320,304,323,298,323,326,316,321,322,332,316,328,310,323,329,323,326,326,298,328,319,298,305,326,298,320,324,316,329,321,320,326,327,323,313,320,323,323,324,323,324,320,321,330,313,316,324,330,323,326,298,310,322,326,320,326,329,326,317,330,320,316,316,316,320,326,323,327,310,328,316,328,298,313,323,316,320,320,316,326,327,298,320,324,327,320,324,308,310,298,316,309,323,330,321,313,327,298,316,305,326,313,318,324,323,324,313,329,331,323,333,318,328,320,320,318,320,316,316,316,316,324,324,316,323,323,313,330,318,323,320,320,328,327,313,319,328,326,316,316,330,328,323,318,317,320
323,335,333,328,339,326,312,326,340,323,323,337,322,334,340,321,331,332,321,324,326,322,326,331,323,343,338,338,323,336,325,333,340,331,340,340,322,332,337,322,332,338,322,321,325,323,332,335,321,331,335,325,322,321,338,330,336,333,332,321,328,332,338,337,337,332,328,339,322,314,325,332,321,328,340,340,319,336,321,323,332,323,321,331,328,332,314,335,323,332,322,338,338,332,344,337,323,340,336,322,344,332,336,321,338,320,325,322,337,328,325,336,324,331,335,322,323,323,331,331,324,338,333,339,336,332,337,340,334,332,335,327,321,330,321,323,323,339,338,325,338,323,334,338,331,336,332,338,321,321,341,349,331,326,332,328,332,323,336,329,334,335,324,321
335,351,354,329,346,339,322,344,352,335,335,358,338,349,350,341,342,333,341,355,339,338,339,355,335,359,339,357,335,337,334,357,356,337,352,352,338,360,347,338,349,339,338,341,338,335,334,355,341,347,359,338,324,341,352,344,362,346,333,341,341,340,340,358,341,346,329,348,338,317,344,338,341,357,350,352,355,349,341,335,336,335,341,354,332,339,317,353,335,343,338,343,340,336,346,347,335,352,337,338,352,333,341,341,346,321,334,338,358,335,338,349,347,342,359,338,335,327,354,340,354,346,344,349,340,344,354,347,349,334,354,328,341,344,341,335,335,340,340,334,346,335,341,340,342,349,334,343,341,341,350,355,342,338,341,347,336,335,349,346,341,360,355,341
347,355,356,353,360,349,347,347,360,347,347,373,340,358,357,361,347,338,361,373,349,340,349,357,347,361,343,370,347,361,344,362,357,343,360,360,340,364,361,340,357,347,340,361,353,347,337,359,361,351,361,357,329,361,357,359,370,360,338,361,347,342,352,373,353,352,353,358,340,323,349,352,361,362,357,360,361,356,361,347,339,347,361,364,347,362,323,355,347,353,340,347,361,339,347,364,347,360,347,340,360,338,373,361,361,329,344,340,373,357,357,356,359,345,361,340,347,345,364,342,369,361,352,359,360,359,359,354,358,344,361,345,361,361,361,347,347,347,357,352,361,347,347,360,345,356,344,347,361,361,369,361,347,361,354,359,339,347,356,357,342,361,366,361
356,360,361,354,386,357,374,361,384,356,356,374,364,369,363,371,373,349,371,382,357,364,357,361,356,380,375,374,356,394,372,371,377,369,384,384,364,366,372,364,377,364,364,371,361,356,345,361,371,357,384,361,334,371,360,372,383,364,349,371,355,361,358,374,370,380,354,365,364,346,357,357,371,365,363,384,371,361,371,356,354,356,371,375,365,373,346,364,356,359,364,376,369,354,361,374,356,384,370,364,361,349,406,371,364,339,372,364,374,369,361,361,373,369,384,364,356,348,375,359,377,364,364,375,361,376,372,367,369,388,373,371,371,370,371,356,356,363,359,353,364,356,357,361,369,361,388,364,371,371,384,374,373,374,378,373,354,356,361,373,361,370,374,371
407,425,399,429,399,360,425,369,403,407,407,416,425,402,426,425,410,410,425,403,360,425,360,425,407,420,424,416,407,399,411,420,411,411,403,403,425,418,411,425,425,424,425,425,399,407,361,411,425,425,424,425,356,425,422,411,439,411,410,425,364,410,411,416,425,424,429,411,425,348,425,403,425,418,426,403,411,424,425,407,361,407,425,399,425,411,348,424,407,425,425,399,411,361,425,410,407,403,411,425,431,410,416,425,410,366,411,425,416,425,425,424,425,399,424,425,407,425,399,399,434,410,411,424,411,425,425,410,402,399,422,425,425,399,425,407,407,425,399,411,410,407,399,399,399,424,399,399,425,425,433,411,410,395,428,411,361,407,424,425,411,425,422,425
591,576,589,595,597,390,589,440,593,591,591,589,590,581,594,590,586,590,590,586,390,590,390,590,591,588,589,597,591,576,586,594,597,597,593,593,590,590,598,590,581,591,590,590,586,591,368,598,590,578,576,596,358,590,586,589,589,586,590,590,581,598,593,589,593,586,595,590,590,373,593,598,590,578,594,593,576,584,590,591,380,591,590,597,597,595,373,599,591,591,590,576,596,380,590,590,591,593,590,590,598,590,586,590,589,368,586,590,589,593,596,584,576,597,576,590,591,594,597,590,586,589,598,596,596,591,598,586,581,576,590,581,590,598,590,591,591,594,590,576,589,591,597,590,597,584,576,589,590,590,585,576,586,590,593,590,380,591,584,600,590,596,598,590
631,633,633,631,633,416,633,633,633,631,631,633,631,631,633,633,633,633,633,633,416,631,416,633,631,633,633,633,631,633,633,633,633,633,633,633,631,633,633,631,631,633,631,633,633,631,374,633,633,631,633,633,371,633,633,633,633,633,633,633,631,633,633,633,631,633,631,633,631,380,631,633,633,631,633,633,633,633,633,631,391,631,633,633,631,633,380,633,631,631,631,633,633,391,633,633,631,633,633,631,633,633,633,633,633,395,633,631,633,631,633,633,633,633,633,631,631,631,633,633,633,633,633,633,633,633,633,633,631,633,633,631,633,633,633,631,631,631,633,633,633,631,633,633,633,633,633,633,633,633,631,633,633,633,631,633,391,631,633,631,633,633,633,633
633,634,634,633,634,440,634,634,634,633,633,634,633,633,634,634,634,634,634,634,440,633,440,634,633,634,634,634,633,634,634,634,634,634,634,634,633,634,634,633,633,634,633,634,634,633,443,634,634,633,634,634,396,634,634,634,634,634,634,634,633,634,634,634,633,634,633,634,633,456,633,634,634,633,634,634,634,634,634,633,428,633,634,634,633,634,456,634,633,633,633,634,634,428,634,634,633,634,634,633,634,634,634,634,634,453,634,633,634,633,634,634,634,634,634,633,633,633,634,634,634,634,634,634,634,634,634,634,633,634,634,633,634,634,634,633,633,633,634,634,634,633,634,634,634,634,634,634,634,634,633,634,634,634,633,634,428,633,634,633,634,634,634,634
634,637,637,634,637,607,637,637,637,634,634,637,634,634,635,637,637,637,637,637,607,634,607,637,634,635,637,637,634,637,637,635,637,637,637,637,634,635,637,634,634,637,634,637,637,634,611,637,637,634,637,637,430,637,637,637,637,637,637,637,634,637,637,637,634,637,634,637,634,614,634,637,637,634,635,637,637,637,637,634,614,634,637,637,634,637,614,637,634,634,634,637,637,614,637,637,634,637,637,634,637,637,637,637,637,605,637,634,637,634,637,637,637,637,637,634,634,634,637,637,637,637,637,637,637,635,637,637,634,637,637,634,637,637,637,634,634,634,637,637,637,634,637,637,637,637,637,637,637,637,634,637,637,637,634,637,614,634,637,634,637,637,637,637
636,638,638,636,638,639,638,638,638,636,636,638,636,636,636,638,638,638,638,638,639,636,639,638,636,636,638,638,636,638,638,636,638,638,638,638,636,636,638,636,636,638,636,638,638,636,630,638,638,636,638,638,604,638,638,638,638,638,638,638,636,638,638,638,636,638,636,638,636,638,636,638,638,636,636,638,638,638,638,636,638,636,638,638,636,638,638,638,636,636,636,638,638,638,638,638,636,638,638,636,638,638,638,638,638,630,638,636,638,636,638,638,638,638,638,636,636,636,638,638,638,638,638,638,638,636,638,638,636,638,638,636,638,638,638,636,636,636,638,638,638,636,638,638,638,638,638,638,638,638,636,638,638,638,636,638,638,636,638,636,638,638,638,638